datetime,actual,Naive Baseline,Linear SVR,Polynomial SVR,RBF SVR
2017-05-09,22707.3,22767.35,22766.732965449315,25559.322651563954,21928.41947114683
2017-05-10,22830.35,22707.3,22703.196685517913,25647.00052594807,21896.18090740843
2017-05-11,22818.45,22830.35,22825.883040821733,25911.728485969397,21900.159209132773
2017-05-12,22671.7,22818.45,22813.88255259089,25981.130505736113,21886.774970683542
2017-05-15,22821.5,22671.7,22663.927550040535,25931.614861221733,21841.21924616528
2017-05-16,22928.6,22821.5,22818.044807150654,26127.370781826106,21866.52866898681
2017-05-17,22935.95,22928.6,22927.062050036737,26327.648477688188,21868.686933108984
2017-05-18,22698.6,22935.95,22934.899362826145,26425.564476006017,21854.04053845156
2017-05-19,22769.8,22698.6,22693.92660700797,26275.965939584275,21794.682856805455
2017-05-22,22652.85,22769.8,22767.262827516395,26425.53120261245,21794.626954949134
2017-05-23,22582.8,22652.85,22650.04245772976,26363.298207586573,21757.901825811387
2017-05-24,22536.3,22582.8,22582.08699886297,26286.28750915822,21740.087661924827
2017-05-25,23190.8,22536.3,22538.50029969794,26205.069979397,21730.983705101964
2017-05-26,23362.2,23190.8,23205.60175756953,26887.151262708532,21837.557074525364
2017-05-29,23182.75,23362.2,23376.932586408875,27199.366808940304,21814.402056701743
2017-05-30,23307.25,23182.75,23189.14971556355,27194.493416736434,21769.785534557122
2017-05-31,23424.8,23307.25,23311.177573650646,27490.041271649614,21732.19504622724
2017-06-01,23310.15,23424.8,23424.766326345743,27821.911358083085,21672.163845556966
2017-06-02,23375.9,23310.15,23306.81756155793,27781.752566032595,21652.326459685115
2017-06-05,23459.65,23375.9,23374.822876180668,27887.077350883406,21642.22748796112
2017-06-06,23416.3,23459.65,23458.835912605464,28052.73936963408,21615.974039497814
2017-06-07,23567.65,23416.3,23414.147697639302,28078.95686245792,21597.175624909367
2017-06-08,23536.1,23567.65,23568.665055495498,28281.50485786572,21574.730839097545
2017-06-09,23690.9,23536.1,23535.028571154,28340.74196201684,21548.714408004525
2017-06-12,23470.45,23690.9,23691.818719462484,28597.912223152394,21502.481423382993
2017-06-13,23477.85,23470.45,23466.502568197197,28447.68180057681,21498.06945032518
2017-06-14,23498.7,23477.85,23474.07732074985,28499.56010370328,21483.749738039925
2017-06-15,23391.75,23498.7,23496.61395789501,28539.267792404495,21477.725671397624
2017-06-16,23502.75,23391.75,23389.017135724687,28461.29498385802,21473.323593822097
2017-06-19,23742.15,23502.75,23505.152806740247,28567.411459471194,21471.746303987897
2017-06-20,23697.95,23742.15,23749.07707633522,28896.692411682503,21420.199536854736
2017-06-21,23708.75,23697.95,23702.926161386626,28969.405302048388,21385.888433897893
2017-06-22,23736.1,23708.75,23713.27230084411,29092.57276843867,21345.60986377792
2017-06-23,23542.75,23736.1,23738.75118107887,29217.523924798235,21307.055922975534
2017-06-27,23216.25,23542.75,23540.47495128725,29065.120460477687,21311.05436615749
2017-06-28,23235.85,23216.25,23210.70024985476,28678.93362955169,21338.71286318887
2017-06-29,23227.3,23235.85,23234.847658638857,28603.579749926324,21371.739484619153
2017-06-30,23211.2,23227.3,23230.20226242856,28492.41417505812,21404.526577532146
2017-07-03,23272.8,23211.2,23218.308114254025,28372.85079079398,21434.510294603973
2017-07-04,23214.2,23272.8,23283.735057446327,28368.940485414125,21455.159087300955
2017-07-05,23352.6,23214.2,23223.471558370686,28302.694744180557,21456.534341613886
2017-07-06,23466.65,23352.6,23364.161150957458,28441.052527819345,21460.221352663608
2017-07-07,23449.15,23466.65,23478.768397890206,28579.709905678283,21451.95382204178
2017-07-10,23675.05,23449.15,23458.622377331063,28604.357008632152,21440.66467418033
2017-07-11,23584.6,23675.05,23686.451678069694,28878.413143384307,21410.5561434824
2017-07-12,23695.45,23584.6,23590.57810204733,28876.931304018264,21389.641527844964
2017-07-13,23888.65,23695.45,23701.295815952,29054.239901053777,21356.10006525385
2017-07-14,23937.7,23888.65,23895.84747221532,29331.859566119594,21298.177332529103
2017-07-17,24015.05,23937.7,23942.26881336685,29505.169968652244,21243.15067272816
2017-07-18,24022.05,24015.05,24018.981509739642,29673.474154695705,21193.018590343076
2017-07-19,24152.65,24022.05,24022.51438694595,29783.392151036936,21150.059274063315
2017-07-20,24213.35,24152.65,24152.67814971006,30020.640086029573,21075.76498902854
2017-07-21,24257.05,24213.35,24212.461412443256,30172.49091181626,21022.33823587939
2017-07-24,24420.85,24257.05,24254.891395948987,30309.376900226034,20971.205240330022
2017-07-25,24520.7,24420.85,24419.94984550082,30597.52981235659,20869.78409110024
2017-07-26,24670.7,24520.7,24519.079355507696,30875.117263495562,20761.240591751666
2017-07-27,24922.4,24670.7,24669.54561041631,31213.95660837968,20625.457680617328
2017-07-28,24811.3,24922.4,24922.756616864863,31708.141889742932,20414.558977512002
2017-07-31,25103.65,24811.3,24805.552156559694,31824.188319549008,20359.332995577864
2017-08-01,25122.8,25103.65,25100.780650720786,32368.207076072093,20116.03468257213
2017-08-02,25055.2,25122.8,25116.901223366993,32642.645106471886,19989.696210636455
2017-08-03,24675.05,25055.2,25045.88596255536,32774.51722672948,19929.495688315525
2017-08-04,24827.45,24675.05,24659.814254592973,32437.988162989277,20071.30456564068
2017-08-07,24906.35,24827.45,24817.176655301024,32682.052667657845,19977.586156665926
2017-08-08,24599.5,24906.35,24900.999820618992,32800.917693761825,19935.9893825328
2017-08-09,24374.6,24599.5,24592.306468515555,32463.721681019666,20074.231523059992
2017-08-10,24217.35,24374.6,24368.65071520549,32151.971439960158,20193.31066980418
2017-08-11,23985.75,24217.35,24211.963188229158,31929.2733780072,20269.22622140683
2017-08-14,24115.75,23985.75,23982.26000400527,31539.951942834003,20395.981027328333
2017-08-16,24437.7,24115.75,24122.62924294219,31506.83385272832,20443.957777488322
2017-08-17,24237.25,24437.7,24454.343782853342,31805.19446506747,20368.887838330993
2017-08-18,24074.45,24237.25,24250.2859088814,31593.114252112307,20429.038045756708
2017-08-21,23936.5,24074.45,24084.63067296917,31401.48062305564,20479.222508229184
2017-08-22,23974.45,23936.5,23943.41719175817,31241.030270712636,20516.315717177495
2017-08-23,24316.8,23974.45,23983.121683396697,31218.27063030268,20536.98589711044
2017-08-24,24274.2,24316.8,24334.757175410254,31501.031299618367,20484.392067115434
2017-08-28,24377.1,24274.2,24290.3877174836,31442.247903967014,20504.184369484377
2017-08-29,24128.95,24377.1,24392.564394789806,31564.88305681158,20469.35110186031
2017-08-30,24308.7,24128.95,24135.923147256966,31325.9178777127,20531.076264813462
2017-08-31,24318.4,24308.7,24316.306383514442,31510.372589739054,20484.79145190742
2017-09-01,24434.0,24318.4,24325.433353048487,31466.430886750935,20506.317419224953
2017-09-04,24236.85,24434.0,24441.825503115644,31566.721668917817,20478.919027135977
2017-09-05,24328.3,24236.85,24240.656714935125,31323.748671457855,20555.325737582847
2017-09-06,24279.15,24328.3,24332.072786947036,31417.204923494708,20528.910516062202
2017-09-07,24304.9,24279.15,24281.359321385018,31323.56262611523,20561.929050850395
2017-09-08,24370.8,24304.9,24307.570538466687,31325.44986266533,20565.325622390417
2017-09-11,24672.25,24370.8,24375.650498389936,31374.058163895366,20554.494576712284
2017-09-12,24784.7,24672.25,24681.054206937137,31777.788930951483,20407.475196327545
2017-09-13,24831.8,24784.7,24792.970546723278,32032.566297607053,20299.39678199408
2017-09-14,24912.25,24831.8,24836.988664156837,32240.752796799272,20204.758950059924
2017-09-15,24844.3,24912.25,24914.446632037456,32477.082870342743,20095.406414911165
2017-09-18,25046.9,24844.3,24841.190736394536,32552.262857895428,20052.320059396807
2017-09-19,25041.55,25046.9,25046.37410927483,32893.65867149329,19901.559359672385
2017-09-20,24965.05,25041.55,25039.688002694464,33018.73452806433,19843.09054614461
2017-09-21,24799.25,24965.05,24961.098221849803,33040.60438440708,19830.402024285017
2017-09-22,24368.85,24799.25,24792.71717445676,32888.50646277497,19892.171108927425
2017-09-25,24165.05,24368.85,24356.100520888074,32379.38124314312,20076.504459049156
2017-09-26,24199.15,24165.05,24154.9816433898,31986.657599574362,20226.98947715209
2017-09-27,23812.95,24199.15,24197.52993966808,31849.37339040889,20304.775869983503
2017-09-28,24008.15,23812.95,23811.67127625519,31216.570673193524,20493.497592134416
2017-09-29,24053.0,24008.15,24018.43863919562,31217.40360566012,20545.769479808703
2017-10-03,24103.4,24053.0,24066.839973839335,31169.89972174038,20576.412149217034
2017-10-04,24113.3,24103.4,24118.897079071998,31195.61542508438,20576.379667870366
2017-10-05,24058.05,24113.3,24129.59572269131,31173.225095249847,20588.22216911612
2017-10-06,24190.0,24058.05,24070.57599016842,31156.945964380026,20585.515251683653
2017-10-09,24251.9,24190.0,24204.02370191871,31309.736131367354,20547.92587587926
2017-10-10,24347.45,24251.9,24265.544995428434,31400.524811444877,20520.845547844783
2017-10-11,24107.45,24347.45,24360.934266839853,31518.75064391462,20486.218643493776
2017-10-12,24361.25,24107.45,24114.42343812652,31247.587784277704,20561.65533539666
2017-10-13,24689.15,24361.25,24371.27402648478,31516.474643006106,20490.88866866383
2017-10-16,24703.05,24689.15,24702.534756798137,31914.428802423234,20351.054455471058
2017-10-17,24645.6,24703.05,24712.597189840868,32011.645294239195,20306.733041607687
2017-10-18,24313.75,24645.6,24650.670006737208,31991.84170808745,20308.243180296366
2017-10-19,24009.75,24313.75,24308.104802910093,31671.17547756389,20404.775179863573
2017-10-23,24088.9,24009.75,23998.84167113017,31250.156803382808,20531.384653697183
2017-10-24,24222.15,24088.9,24084.604934989016,31155.07429889714,20597.397140126162
2017-10-25,25035.9,24222.15,24225.286307981805,31171.96040131677,20619.732565013102
2017-10-26,25022.2,25035.9,25056.38343456423,32077.882955004978,20286.898017530446
2017-10-27,24839.55,25022.2,25036.820037128637,32267.791643922068,20201.234259103163
2017-10-30,24988.55,24839.55,24843.273962003455,32335.45610942614,20160.86526510085
2017-10-31,25019.35,24988.55,24988.849218204596,32734.527260675288,19976.096141825023
2017-11-01,25490.45,25019.35,25014.225776539264,32999.22127124361,19845.05158029666
2017-11-02,25427.3,25490.45,25494.19657314721,33654.201130748406,19535.730481125494
2017-11-03,25650.7,25427.3,25427.17119020284,33770.71903766627,19482.871576068515
2017-11-06,25571.15,25650.7,25650.37186020938,34280.84302240286,19227.56067003355
2017-11-07,25300.8,25571.15,25565.021293984355,34426.02367426496,19158.076183345856
2017-11-08,25184.35,25300.8,25286.553247830758,34290.735701684556,19220.744838985695
2017-11-09,25291.35,25184.35,25170.813651323784,34166.71673999635,19285.40393286061
2017-11-10,25498.95,25291.35,25282.83051816614,34327.6298209181,19220.410807658285
2017-11-13,25358.3,25498.95,25498.01292479846,34583.54015962131,19108.304753103024
2017-11-14,25284.6,25358.3,25356.478193948642,34442.97607350873,19179.387792198562
2017-11-15,25218.9,25284.6,25281.689889924222,34406.662233650444,19196.30080722061
2017-11-16,25446.6,25218.9,25214.63548582107,34388.902352393,19202.646889391715
2017-11-17,25728.4,25446.6,25447.65816161321,34732.57901744405,19046.602862936896
2017-11-20,25768.6,25728.4,25736.02509254802,35192.360246357886,18827.727554400273
2017-11-21,25757.5,25768.6,25775.20279951742,35445.99455090247,18706.613487462713
2017-11-22,25766.65,25757.5,25761.117606353255,35651.66422912857,18608.076034074205
2017-11-23,25736.25,25766.65,25766.312432390572,35837.282635213174,18514.8974127485
2017-11-24,25779.65,25736.25,25733.280343747778,35923.18044112726,18472.222413884447
2017-11-27,25891.95,25779.65,25778.218335673606,36048.40767065923,18415.153272523272
2017-11-28,25846.4,25891.95,25893.066081427125,36259.26522324265,18315.960358479908
2017-11-29,25795.7,25846.4,25846.421188403117,36292.79523190098,18301.88608001874
2017-11-30,25332.4,25795.7,25794.51875647402,36269.02167109278,18313.512609812136
2017-12-01,25191.95,25332.4,25323.365597920565,35691.23687060054,18574.631968390328
2017-12-04,25075.1,25191.95,25184.274289874826,35382.372638001994,18718.447847547613
2017-12-05,25124.85,25075.1,25071.376899028714,35045.946196587916,18878.160750572468
2017-12-06,24851.8,25124.85,25128.63367638587,34924.21337522523,18948.641912317133
2017-12-07,25057.25,24851.8,24857.000754556764,34417.65156873654,19166.296145405024
2017-12-08,25321.15,25057.25,25069.72617921557,34547.226719035956,19129.54717348889
2017-12-11,25404.85,25321.15,25338.77246797362,34829.26181835128,19013.21987350469
2017-12-12,25125.45,25404.85,25421.621446923964,34990.27003445953,18939.04250389302
2017-12-13,25000.35,25125.45,25135.198794531345,34696.20472464938,19063.226518043608
2017-12-14,25168.2,25000.35,25005.48104261591,34587.1791913917,19102.704195094848
2017-12-15,25440.3,25168.2,25176.182908437797,34761.06185306265,19034.67975389958
2017-12-18,25594.55,25440.3,25453.611224597567,35042.53327872389,18913.85076909015
2017-12-19,25716.2,25594.55,25609.777557639616,35229.193804770955,18826.180280809516
2017-12-20,25591.7,25716.2,25729.084637891443,35482.30257350894,18701.667492715707
2017-12-21,25554.3,25591.7,25596.0606561518,35474.106482627445,18699.913907125116
2017-12-22,25648.55,25554.3,25554.10564888209,35508.865872682276,18677.65058333315
2017-12-26,25675.25,25648.55,25648.675384771348,35642.801270113196,18612.380665136057
2017-12-27,25496.05,25675.25,25675.09377254959,35672.63149171061,18596.72807898595
2017-12-28,25490.0,25496.05,25493.118007437268,35414.02251419377,18718.757207045455
2017-12-29,25539.45,25490.0,25487.527105794376,35363.065392814286,18743.659049063353
2018-01-01,25318.1,25539.45,25538.5292176761,35425.3277808771,18715.994729723065
2018-01-02,25338.25,25318.1,25314.82810346321,35134.83125202812,18850.400054495578
2018-01-03,25318.6,25338.25,25338.750473593915,35099.49524657167,18873.087610029987
2018-01-04,25462.6,25318.6,25320.39858854655,35054.08950289892,18895.940917186294
2018-01-05,25601.85,25462.6,25468.784338498845,35238.58178826711,18814.942971566234
2018-01-08,25676.1,25601.85,25611.433959594047,35434.15581356568,18724.697375558833
2018-01-09,25703.8,25676.1,25684.653528790594,35616.12724460757,18636.124197557656
2018-01-10,25617.3,25703.8,25710.057170752072,35748.3679525855,18570.483080409253
2018-01-11,25660.9,25617.3,25619.24662072659,35762.08334611732,18560.700097521316
2018-01-12,25749.05,25660.9,25662.796135404307,35899.85092190825,18495.05048418268
2018-01-15,26069.2,25749.05,25752.36792766073,36066.80762022425,18416.48424487019
2018-01-16,25974.9,26069.2,26077.481801852642,36535.90224739274,18188.296254030396
2018-01-17,26289.1,25974.9,25978.81638598261,36527.12729440279,18193.256711985894
2018-01-18,26537.4,26289.1,26295.283653444792,37054.08218546855,17931.05976022155
2018-01-19,26909.5,26537.4,26542.7697255261,37591.64423605135,17663.744875289412
2018-01-22,27041.2,26909.5,26914.958850371484,38366.4008828982,17280.664659732553
2018-01-23,27390.6,27041.2,27042.57004142987,38846.749245268846,17056.88249375776
2018-01-24,27398.55,27390.6,27389.573507173598,39703.642340243474,16657.248670732846
2018-01-25,27445.65,27398.55,27389.67102966579,40130.69252328076,16483.261319452788
2018-01-29,27498.45,27445.65,27431.733621629646,40559.77802245748,16311.427482807345
2018-01-30,27269.05,27498.45,27482.497996508544,40919.92207725588,16174.44866345279
2018-01-31,27379.45,27269.05,27247.358764599005,40872.37656350757,16216.481536092439
2018-02-01,27220.7,27379.45,27362.59109564522,41157.849753278686,16115.700087137273
2018-02-02,26451.15,27220.7,27203.42003410861,41086.07731129766,16164.167716543878
2018-02-05,26098.75,26451.15,26424.859109662357,40055.62977526826,16597.9644685576
2018-02-06,25811.3,26098.75,26076.8302472446,39365.91969254736,16896.519192942746
2018-02-07,25670.0,25811.3,25795.507373361557,38713.45972302187,17180.726213711627
2018-02-08,25920.65,25670.0,25666.008587999328,38153.936849443555,17436.124226419226
2018-02-09,25463.65,25920.65,25934.751519547426,38141.78989493379,17465.240626524486
2018-02-12,25701.6,25463.65,25475.17675041667,37406.919868536585,17766.80831984539
2018-02-14,25341.25,25701.6,25722.477191001046,37564.65340017261,17714.5266561397
2018-02-15,25424.35,25341.25,25356.7671272819,37018.81809820757,17934.37465028348
2018-02-16,25163.9,25424.35,25443.56112539774,37008.99867994704,17948.969676400266
2018-02-19,25058.55,25163.9,25182.37688163905,36478.59934193325,18167.45393381056
2018-02-20,24874.4,25058.55,25076.60207262227,36167.96218639839,18303.24484399327
2018-02-21,24936.7,24874.4,24893.320427585983,35642.66415070266,18527.998354633186
2018-02-22,24955.2,24936.7,24958.68693389086,35463.57759263841,18630.8670700331
2018-02-23,25302.5,24955.2,24979.42862818129,35202.2341889479,18766.20274499574
2018-02-26,25687.9,25302.5,25331.938084787544,35436.84757849478,18700.915084771637
2018-02-27,25383.6,25687.9,25719.424648744316,35846.73915864434,18530.227745672662
2018-02-28,25107.4,25383.6,25401.000092736664,35494.10769492427,18691.960773206283
2018-03-01,24902.55,25107.4,25114.3494758129,35094.106450311876,18863.33723784335
2018-03-05,24818.7,24902.55,24902.487832264545,34697.74999457608,19032.488150599525
2018-03-06,24448.45,24818.7,24818.530944690603,34336.96236571341,19200.851050428013
2018-03-07,24134.1,24448.45,24448.30305872474,33560.30815768572,19519.736728516837
2018-03-08,24477.65,24134.1,24135.47525389077,32851.11677959681,19791.395297244824
2018-03-09,24296.45,24477.65,24491.77651765891,32960.062020496975,19820.70917801081
2018-03-12,24664.2,24296.45,24310.19325272106,32562.854928930232,19972.85500018752
2018-03-13,24738.65,24664.2,24687.11047385929,32800.04134783829,19928.19227521657
2018-03-14,24851.65,24738.65,24760.07211160851,32883.96399095917,19901.602875425757
2018-03-15,24791.85,24851.65,24868.58058688447,33087.70627713355,19821.163277249227
2018-03-16,24489.55,24791.85,24803.95531058553,33058.346701076734,19829.623256543447
2018-03-19,24245.1,24489.55,24491.578711127207,32741.522769947063,19937.200183778074
2018-03-20,24168.2,24245.1,24243.968951512194,32355.461698538857,20072.863604547234
2018-03-21,24255.6,24168.2,24169.405895343618,32102.83965608553,20175.960045517793
2018-03-22,24141.5,24255.6,24263.674797956468,32020.71295880767,20234.71532404988
2018-03-23,23670.4,24141.5,24151.807994014584,31724.712504140218,20344.810564754072
2018-03-26,24244.35,23670.4,23675.202556977143,31030.434411565784,20521.159775663033
2018-03-27,24434.15,24244.35,24262.20224751679,31497.24621937264,20469.791694259562
2018-03-28,24263.35,24434.15,24453.03918144163,31647.312079552248,20438.99054314449
2018-04-02,24328.5,24263.35,24276.866702704785,31413.69215085018,20517.39515472893
2018-04-03,24510.6,24328.5,24341.17051372117,31461.522013029582,20509.138586063797
2018-04-04,24129.5,24510.6,24519.83116511438,31779.91492310151,20393.39027896682
2018-04-05,24759.8,24129.5,24129.72013347072,31351.48153142258,20520.223759252443
2018-04-06,24873.15,24759.8,24772.887855792455,32034.87452956587,20301.450560701585
2018-04-09,25093.8,24873.15,24884.293645497106,32320.017321658113,20176.9505964688
2018-04-10,25226.8,25093.8,25104.119930733134,32735.078496688904,19988.89598388653
2018-04-11,25098.25,25226.8,25234.89511592382,33079.67850393418,19825.365763377587
2018-04-12,25195.1,25098.25,25094.946328092345,33190.1716206726,19760.633552292857
2018-04-13,25200.6,25195.1,25190.729278174076,33409.58461605525,19654.0884644951
2018-04-16,25320.85,25200.6,25193.778501879817,33509.368595814594,19602.541553217146
2018-04-17,25334.45,25320.85,25315.47217186763,33713.63636253481,19505.331841220755
2018-04-18,25102.3,25334.45,25329.279310094913,33809.32809745439,19461.96556448406
2018-04-19,25126.15,25102.3,25092.242634526927,33640.457183664934,19539.554279271455
2018-04-20,24943.85,25126.15,25118.244418045033,33715.96991481439,19509.743648494346
2018-04-23,24960.65,24943.85,24934.44906097703,33528.82064335109,19593.45785129112
2018-04-24,25042.1,24960.65,24955.697665640582,33525.00316388867,19604.6496095127
2018-04-25,24814.4,25042.1,25043.12345138845,33637.94087177195,19563.47145040957
2018-04-26,25010.9,24814.4,24812.975244951333,33391.63794163061,19664.486618470073
2018-04-27,25394.6,25010.9,25015.902679896106,33600.34185030768,19584.830223641067
2018-04-30,25531.6,25394.6,25406.108314856887,34157.69525694621,19331.308945201337
2018-05-02,25568.3,25531.6,25542.552241970814,34504.59158309611,19163.312394035373
2018-05-03,25605.25,25568.3,25576.4902638664,34732.32633168555,19052.052969909695
2018-05-04,25645.4,25605.25,25608.729281891545,35049.920298890764,18895.34921550939
2018-05-07,25852.05,25645.4,25645.061968176306,35295.42900614008,18772.206511801003
2018-05-08,26090.5,25852.05,25853.65989906316,35680.430537431996,18582.594849748122
2018-05-09,26154.45,26090.5,26093.947965658255,36125.63580392032,18358.395311686225
2018-05-10,26131.0,26154.45,26155.139479304424,36393.360834307765,18225.186613578302
2018-05-11,26413.15,26131.0,26127.430055174103,36564.830888640354,18143.033590645955
2018-05-14,26475.15,26413.15,26410.840563264865,37128.55425318238,17859.82873577744
2018-05-15,26474.0,26475.15,26470.04705403487,37433.97279413862,17713.288184819387
2018-05-16,26182.15,26474.0,26466.577881830606,37608.61832669084,17634.40448569657
2018-05-17,26073.8,26182.15,26168.15435895908,37367.822648169924,17759.867585850618
2018-05-18,25875.6,26073.8,26058.618696437297,37312.30774396071,17792.477865699148
2018-05-21,25750.8,25875.6,25861.10745231535,37034.30182405331,17932.66831107327
2018-05-22,25777.7,25750.8,25740.527552244865,36796.377930258874,18055.46854765495
2018-05-23,25684.95,25777.7,25775.130967938392,36725.774388237965,18101.505595178438
2018-05-24,26016.8,25684.95,25685.191822952467,36562.45072361238,18182.229218546854
2018-05-25,26273.55,26016.8,26026.890571442716,36987.535437633436,17990.639191108152
2018-05-28,26614.25,26273.55,26287.63228057089,37446.160447762304,17773.40158542356
2018-05-29,26254.8,26614.25,26630.175099403306,38104.854683297846,17456.77605947677
2018-05-30,26327.8,26254.8,26258.345341016524,37884.97139283434,17568.72047074397
2018-05-31,26956.2,26327.8,26328.134866290842,38171.94991023654,17434.07574681578
2018-06-01,26692.8,26956.2,26964.891213087743,39182.66816646985,16960.435719750414
2018-06-04,26257.55,26692.8,26692.308662612006,39074.99154506308,17021.78957719644
2018-06-05,26251.0,26257.55,26249.967764036068,38546.47684459854,17264.785384246417
2018-06-06,26367.6,26251.0,26243.44996693285,38550.76763887875,17263.394711118843
2018-06-07,26517.8,26367.6,26362.767486930577,38703.38080692604,17196.759038705528
2018-06-08,26451.35,26517.8,26520.963019285795,38792.72450392516,17161.599758045035
2018-06-11,26453.55,26451.35,26455.08100196169,38665.92715086453,17220.794147199485
2018-06-12,26607.1,26453.55,26455.55893421328,38713.167797860166,17198.16046767723
2018-06-13,26642.8,26607.1,26609.822659750025,38975.79919751,17077.301570294512
2018-06-14,26562.25,26642.8,26644.391750140065,39116.24576864773,17014.772562510865
2018-06-15,26417.4,26562.25,26561.950076311135,39076.339424814076,17035.322189669816
2018-06-18,26409.3,26417.4,26414.384478816624,38951.49490489044,17093.17304581433
2018-06-19,26265.75,26409.3,26407.134082656266,38982.93644296646,17082.058253869658
2018-06-20,26557.7,26265.75,26263.599143828993,38782.469767470604,17173.312977184243
2018-06-21,26496.95,26557.7,26564.34330354177,39149.010070943405,17016.62486931167
2018-06-22,26766.85,26496.95,26503.1620557063,39103.92515137371,17038.632494976453
2018-06-25,26609.7,26766.85,26777.048675932652,39523.176141315766,16852.929653199524
2018-06-26,26601.7,26609.7,26614.241863036295,39397.58392193677,16908.754604363294
2018-06-27,26423.4,26601.7,26603.381517918926,39496.54153848893,16865.285664527102
2018-06-28,26324.6,26423.4,26422.001046294252,39275.21322337883,16961.496691575667
2018-06-29,26364.2,26324.6,26321.692663638583,39076.51966314249,17045.991725726723
2018-07-02,26230.3,26364.2,26365.544086534435,38998.36791475929,17083.149338410985
2018-07-03,26204.1,26230.3,26231.726242833523,38759.66382875212,17188.806585264712
2018-07-04,26433.95,26204.1,26208.396039763167,38633.175725934074,17246.959645866013
2018-07-05,26503.3,26433.95,26443.860427472915,38891.37896127537,17134.926273982208
2018-07-06,26493.85,26503.3,26513.298888325357,39008.71314901582,17082.148569807963
2018-07-09,26753.3,26493.85,26502.498293049735,39032.58986612136,17071.28943506511
2018-07-10,26894.55,26753.3,26763.932917932718,39466.448598763935,16877.320240966277
2018-07-11,26816.2,26894.55,26902.75430818811,39811.80996039137,16724.09265184454
2018-07-12,27026.55,26816.2,26819.2304099475,39830.88720663123,16716.82175989574
2018-07-13,26935.95,27026.55,27030.52033585022,40228.85546586046,16543.6075307143
2018-07-16,26679.8,26935.95,26934.25179165404,40276.20516229326,16526.244105013084
2018-07-17,27008.1,26679.8,26672.738953272383,39993.70649530603,16648.157206229927
2018-07-18,26880.9,27008.1,27008.817967629235,40446.933985267766,16459.146893851535
2018-07-19,26789.65,26880.9,26878.235990022076,40345.703111453404,16504.140319729933
2018-07-20,26873.2,26789.65,26787.156480067482,40208.95307882096,16564.504555144114
2018-07-23,27008.15,26873.2,26873.42485790541,40295.50300292601,16528.777866801087
2018-07-24,26974.4,27008.15,27009.143221503524,40558.690343241775,16418.41436449664
2018-07-25,27031.3,26974.4,26975.235517974543,40542.067573324595,16427.77957530969
2018-07-26,27406.4,27031.3,27032.788231497165,40691.25608243553,16368.195112887368
2018-07-27,27634.4,27406.4,27412.647630246836,41354.908880735005,16097.053775049426
2018-07-30,27842.6,27634.4,27640.688986663896,41908.05359316099,15881.94258026973
2018-07-31,27764.15,27842.6,27848.127350638933,42489.63125332154,15667.644350161694
2018-08-01,27596.6,27764.15,27762.226509365173,42726.317128572984,15594.168553687094
2018-08-02,27355.95,27596.6,27586.653859094084,42770.19606609114,15587.404953937124
2018-08-03,27695.5,27355.95,27341.391899793445,42547.60249897677,15673.759896264302
2018-08-06,27898.5,27695.5,27689.921663940186,43057.57673359406,15497.579427116121
2018-08-07,27875.9,27898.5,27898.5395849996,43404.76245418238,15381.397581765781
2018-08-08,28062.45,27875.9,27875.3564322074,43488.32488871349,15359.505055656366
2018-08-09,28320.0,28062.45,28063.550523878825,43932.55750797286,15215.913257131471
2018-08-10,28124.25,28320.0,28320.074394560805,44598.32468973607,15007.866363733816
2018-08-13,27794.4,28124.25,28116.857267057625,44576.23045641656,15025.68521533966
2018-08-14,28021.7,27794.4,27780.94512713064,44249.303993131754,15136.222985352866
2018-08-16,27826.55,28021.7,28013.524451912643,44644.1664082254,15018.493551123642
2018-08-17,28128.55,27826.55,27816.631937462946,44429.128968733676,15090.866015503523
2018-08-20,28274.25,28128.55,28129.0867090545,44854.07033466861,14967.049830151203
2018-08-21,28257.9,28274.25,28278.408865395184,45188.01323987575,14874.295675269705
2018-08-23,28027.9,28257.9,28258.74601050707,45397.00944000806,14821.436597089092
2018-08-24,27834.7,28027.9,28024.087330843904,45210.42741557195,14881.529250738748
2018-08-27,28264.2,27834.7,27826.866926712813,45047.92938309122,14931.814821101518
2018-08-28,28269.65,28264.2,28266.54704672919,45676.78461456461,14756.63561907548
2018-08-29,28224.1,28269.65,28272.801323101965,45736.72504460083,14743.100138612244
2018-08-30,28103.25,28224.1,28226.8135273191,45705.11003178062,14753.862813120537
2018-08-31,28061.75,28103.25,28102.657857342238,45607.2785029858,14782.909603887198
2018-09-03,27819.5,28061.75,28058.567108923402,45656.85797922149,14771.156610839425
2018-09-04,27430.75,27819.5,27814.809927181224,45285.41631535338,14876.259680097715
2018-09-05,27376.05,27430.75,27423.763578912047,44575.5084656387,15078.890422789165
2018-09-06,27468.7,27376.05,27374.795213866513,44245.59119843042,15178.882031437151
2018-09-07,27481.45,27468.7,27474.997295487556,44157.08100576791,15207.511171765811
2018-09-10,27201.75,27481.45,27492.67989010606,43973.33570628232,15263.83501036858
2018-09-11,26807.5,27201.75,27210.535526609514,43390.89030094664,15446.348285950848
2018-09-12,26819.2,26807.5,26810.881416225362,42662.50619370755,15681.017331996729
2018-09-14,27163.85,26819.2,26826.88779475209,42455.32150663143,15753.908393750156
2018-09-17,26820.3,27163.85,27181.87874544003,42708.06538009347,15671.186446116864
2018-09-18,26441.45,26820.3,26834.816269862196,42061.35897222415,15893.754873604184
2018-09-19,26277.35,26441.45,26451.80030863914,41301.63747807199,16161.401187251115
2018-09-21,25596.9,26277.35,26286.439428369195,40824.91580273397,16337.36344272044
2018-09-24,24970.35,25596.9,25597.59008029553,39557.31771801358,16794.069780477672
2018-09-25,25330.35,24970.35,24972.265849737472,38116.108248266246,17327.005186934948
2018-09-26,25376.3,25330.35,25351.962174864988,37963.77444519258,17462.039126907253
2018-09-27,25042.15,25376.3,25405.71521562108,37546.17411584209,17661.0790606823
2018-09-28,25119.85,25042.15,25071.22227242902,36666.894200912066,18022.065853184682
2018-10-01,25367.0,25119.85,25152.025550760933,36410.059478757175,18165.84324295703
2018-10-03,25069.9,25367.0,25398.981820180932,36556.90417197639,18144.73715313259
2018-10-04,24819.3,25069.9,25093.955525353987,35968.62641902388,18397.77154458655
2018-10-05,24443.45,24819.3,24839.21744630181,35367.882299414596,18654.698376838445
2018-10-08,24618.35,24443.45,24456.540417871838,34639.59786793044,18937.842911037093
2018-10-09,24527.65,24618.35,24637.492266067784,34509.676393502596,19049.968356781457
2018-10-10,25321.7,24527.65,24549.166258202968,34028.33200533321,19270.79057243473
2018-10-11,24783.95,25321.7,25358.317471741626,34726.59354959765,19046.11539078256
2018-10-12,25395.85,24783.95,24805.28637942984,34008.785498798476,19348.105244441926
2018-10-15,25388.05,25395.85,25422.284564621412,34730.318677958705,19062.173933414502
2018-10-16,25589.65,25388.05,25405.98462813851,34789.845460755576,19035.39169441064
2018-10-17,25188.6,25589.65,25601.467213318858,35116.43505279073,18876.691103763438
2018-10-19,25085.8,25188.6,25190.146108121073,34564.55998581856,19126.841635958393
2018-10-22,25078.6,25085.8,25080.777003841613,34431.17944968346,19177.706082582874
2018-10-23,24972.45,25078.6,25075.052899932576,34269.90875543973,19257.239248373116
2018-10-24,25064.2,24972.45,24969.398835539512,34029.6441226752,19367.594295532377
2018-10-25,24817.45,25064.2,25068.19845665111,34013.59150646861,19388.88786036882
2018-10-26,24421.05,24817.45,24818.205050614248,33652.980155016674,19540.295901066052
2018-10-29,24959.7,24421.05,24417.07779102683,33055.88605406624,19767.354358476812
2018-10-30,24807.75,24959.7,24969.935102428157,33552.612479358526,19607.75080582984
2018-10-31,25153.25,24807.75,24815.419836313464,33346.30385084113,19691.896925160676
2018-11-01,25323.65,25153.25,25168.393337163536,33690.70646598288,19554.006023017857
2018-11-02,25701.65,25323.65,25338.69650469208,33986.725007012385,19415.929007758456
2018-11-05,25732.2,25701.65,25715.386429196362,34707.46170130469,19060.581039132812
2018-11-06,25598.0,25732.2,25741.04735112364,35000.92088635657,18916.676983766014
2018-11-07,25737.5,25598.0,25597.44834531151,35109.84038436703,18860.44382808037
2018-11-09,25771.0,25737.5,25736.34126948344,35469.6019924801,18683.317907544442
2018-11-12,25539.75,25771.0,25767.103936689477,35636.66110462148,18597.982212846095
2018-11-13,25768.6,25539.75,25532.3745701,35417.86792790373,18706.554941999406
2018-11-14,25930.15,25768.6,25766.886510936754,35688.01745415251,18579.972686029527
2018-11-15,26154.75,25930.15,25929.96622126083,35969.037665009775,18440.328188953194
2018-11-16,26245.55,26154.75,26156.9048184012,36338.31183591021,18252.71062037302
2018-11-19,26300.7,26245.55,26246.732715686572,36619.35827677263,18114.281653480866
2018-11-20,26113.35,26300.7,26297.627842543894,36941.87975187854,17955.978137024926
2018-11-21,26262.05,26113.35,26103.616843227806,36900.55062416308,17982.475277517788
2018-11-22,25999.45,26262.05,26254.27379548693,37230.44379625058,17825.81539042139
2018-11-26,26365.6,25999.45,25987.54342696962,36986.63684825653,17951.253405736672
2018-11-27,26443.1,26365.6,26363.14175642503,37518.756119225734,17702.373805169584
2018-11-28,26457.95,26443.1,26443.272729420976,37787.280328571636,17584.374956025385
2018-11-29,26939.6,26457.95,26456.886490947036,37997.337313334545,17491.442429926014
2018-11-30,26862.95,26939.6,26946.40771661717,38842.33642916904,17091.83393178187
2018-12-03,26857.55,26862.95,26861.83906943092,39096.383082801505,16988.02293907345
2018-12-04,26693.8,26857.55,26853.42183762799,39327.20689243233,16892.254493070377
2018-12-05,26519.6,26693.8,26684.390027191075,39284.17582259365,16918.898952768264
2018-12-06,26198.3,26519.6,26506.141290340107,39168.561774576796,16974.49369618179
2018-12-07,26594.3,26198.3,26184.18409925539,38686.959043441064,17195.144475229285
2018-12-10,26102.65,26594.3,26593.160242876438,39121.872669690536,17012.35023187648
2018-12-11,26163.4,26102.65,26096.526367274768,38431.869722236595,17322.673377311166
2018-12-12,26643.85,26163.4,26164.134043693266,38420.146197704904,17336.17951629983
2018-12-13,26816.35,26643.85,26656.134395150315,39040.47164136571,17061.326517635658
2018-12-14,26826.0,26816.35,26828.214304008892,39446.970142515594,16880.414790754414
2018-12-17,27015.8,26826.0,26836.691890467286,39565.71435558036,16830.94243774603
2018-12-18,27174.7,27015.8,27023.739801518183,40057.69885478466,16615.713755542176
2018-12-19,27298.4,27174.7,27178.353170679984,40551.32842108511,16405.58923544897
2018-12-20,27275.1,27298.4,27300.40425919078,40946.001508028225,16245.234733444442
2018-12-21,26869.65,27275.1,27273.428817724736,41113.86070005786,16182.982650129972
2018-12-24,26714.75,26869.65,26858.49576805917,40735.52815753719,16344.329491436647
2018-12-26,26986.8,26714.75,26702.833791050085,40515.10827963859,16436.997510510726
2018-12-27,26878.55,26986.8,26983.783730836047,40818.58668951888,16318.523726455045
2018-12-28,27125.25,26878.55,26877.051402996265,40626.89650914809,16401.174053270734
2018-12-31,27160.2,27125.25,27131.333635790274,40883.08673647722,16295.967444648168
2019-01-01,27392.4,27160.2,27164.835025269305,41018.005986358134,16241.707554826162
2019-01-02,27174.7,27392.4,27397.199023891983,41492.872736199024,16049.68822934662
2019-01-03,26959.85,27174.7,27172.94843353484,41330.06659234849,16119.814513207137
2019-01-04,27195.0,26959.85,26952.531878415328,41141.30537692401,16196.832161596329
2019-01-07,27304.55,27195.0,27193.818024157496,41506.36357357475,16057.63999063861
2019-01-08,27509.5,27304.55,27305.46891412652,41724.96408104637,15975.228647704434
2019-01-09,27720.4,27509.5,27515.796014713473,42103.91415888761,15835.263107529076
2019-01-10,27528.55,27720.4,27728.530910197223,42612.74440897776,15651.440322738265
2019-01-11,27453.9,27528.55,27527.755883251695,42606.36443678986,15662.073246054337
2019-01-14,27248.25,27453.9,27449.58690701802,42637.464405626124,15654.307279618472
2019-01-15,27400.75,27248.25,27239.810251616647,42419.20559259181,15735.49206468362
2019-01-16,27483.7,27400.75,27397.40923910706,42600.117807907955,15672.66683249929
2019-01-17,27528.75,27483.7,27484.82091640726,42661.919145265725,15652.14190899188
2019-01-18,27456.7,27528.75,27531.203349534313,42733.29110741739,15627.350129284348
2019-01-21,27533.6,27456.7,27457.539260249694,42665.0926633208,15653.265026879344
2019-01-22,27482.25,27533.6,27534.43038812183,42881.65528654455,15578.547216785726
2019-01-23,27250.75,27482.25,27481.850354639995,42905.66933988237,15574.052407595627
2019-01-24,27266.4,27250.75,27247.013686996856,42598.7294232663,15684.33933207651
2019-01-25,27115.3,27266.4,27265.780805076793,42582.30138193136,15692.760284373066
2019-01-28,26653.05,27115.3,27114.01762361794,42320.17263380105,15787.078330494269
2019-01-29,26573.4,26653.05,26647.799501406247,41527.273455306655,16073.158920067857
2019-01-30,26825.5,26573.4,26573.519124114202,41145.27600286022,16219.950278954382
2019-01-31,27295.45,26825.5,26835.269610152987,41298.43731406435,16167.676354685555
2019-02-01,27085.95,27295.45,27316.829860525657,41869.95467241635,15949.676836152134
2019-02-04,27186.6,27085.95,27102.341098012555,41613.71311074148,16048.486022944528
2019-02-05,27271.7,27186.6,27200.568751736166,41852.72308626329,15957.425669882316
2019-02-06,27402.35,27271.7,27281.270988957767,42106.34776484227,15861.223415650884
2019-02-07,27387.15,27402.35,27409.649316107665,42376.52372986806,15759.008176169325
2019-02-08,27294.4,27387.15,27393.11512229355,42370.50686939093,15760.637346800904
2019-02-11,27227.8,27294.4,27296.063847237172,42302.73590567156,15784.88768169154
2019-02-12,27010.75,27227.8,27227.439633153437,42234.4825426124,15809.754832085484
2019-02-13,26885.4,27010.75,27007.010585137286,41887.289640782554,15936.49057829366
2019-02-14,26970.6,26885.4,26882.61837344704,41566.23080758282,16056.420165660269
2019-02-15,26794.25,26970.6,26973.08637681327,41514.859725123286,16077.003424022354
2019-02-18,26654.25,26794.25,26796.228100907072,41136.816922688726,16221.418911011764
2019-02-19,26684.85,26654.25,26657.054509257076,40766.77216380166,16365.39573760822
2019-02-20,26955.5,26684.85,26690.533466932728,40657.784980515076,16409.052379121906
2019-02-21,27052.4,26955.5,26966.908219245757,40957.01238922208,16289.539925361776
2019-02-22,26867.55,27052.4,27065.24293290761,41069.846090596235,16243.088570701511
2019-02-25,27159.25,26867.55,26874.95298973575,40858.93412779155,16327.068373806742
2019-02-26,26952.95,27159.25,27169.79505060675,41355.17837419158,16130.018456808091
2019-02-27,26799.3,26952.95,26956.405957764116,41217.41998297491,16185.936873572042
2019-02-28,26789.9,26799.3,26800.356076472643,41002.41322206706,16269.966684194915
2019-03-01,27043.9,26789.9,26792.57450930339,40886.69352098407,16315.390833649311
2019-03-05,27554.05,27043.9,27051.190108298542,41214.73752322041,16185.38189888885
2019-03-06,27625.65,27554.05,27570.694506677937,41925.73634542377,15902.06853368437
2019-03-07,27764.6,27625.65,27638.38068361635,42205.83862344967,15797.518521350215
2019-03-08,27761.8,27764.6,27772.459119203668,42640.066074039256,15636.935363461278
2019-03-11,27966.65,27761.8,27761.260610136276,42914.27165646934,15540.822273679954
2019-03-12,28443.7,27966.65,27963.544993439027,43445.604662822756,15355.2351294298
2019-03-13,28884.3,28443.7,28445.547108081555,44342.058848399174,15056.667312587513
2019-03-14,28923.1,28884.3,28887.55234990528,45359.78636747304,14751.775913185496
2019-03-15,29381.45,28923.1,28918.952092229898,45888.28521826321,14620.821358618054
2019-03-18,29596.1,29381.45,29376.443538632688,47095.10402179504,14321.435269341706
2019-03-19,29767.85,29596.1,29584.55143914932,48052.83327119841,14123.124998470372
2019-03-20,29832.2,29767.85,29751.748103362705,48911.76209313053,13968.238345106243
2019-03-22,29582.5,29832.2,29812.309759927055,49540.53829857641,13871.041439950193
2019-03-25,29281.2,29582.5,29553.17840884954,49642.25308776399,13870.584312796856
2019-03-26,29882.15,29281.2,29247.58648812947,49429.91306697876,13921.68325335454
2019-03-27,30019.8,29882.15,29863.71603881981,50558.12755085572,13742.31236061743
2019-03-28,30420.55,30019.8,30005.32366186485,51071.3558803054,13676.341185823436
2019-03-29,30426.8,30420.55,30414.080469087836,52087.50883337868,13547.95497859075
2019-04-01,30326.5,30426.8,30416.518818090815,52679.27191920969,13490.185812190559
2019-04-02,30354.25,30326.5,30307.901736873784,53182.559352030614,13446.55321665723
2019-04-03,30093.3,30354.25,30335.385870867773,53671.57246104448,13404.786565718548
2019-04-04,29904.9,30093.3,30069.886640563564,53583.14777750367,13422.101749447005
2019-04-05,30084.65,29904.9,29883.735388598012,53395.21186546221,13448.473743905939
2019-04-08,29845.3,30084.65,30073.25985002285,53756.87419575001,13415.958416056423
2019-04-09,30113.85,29845.3,29834.405384951046,53491.60249074254,13448.939491465495
2019-04-10,29803.5,30113.85,30113.827857062803,53987.0265075903,13401.917105021617
2019-04-11,29786.1,29803.5,29799.79983935714,53612.856479088085,13443.554469211884
2019-04-12,29938.55,29786.1,29783.929540263292,53640.25564383397,13442.449100156193
2019-04-15,30104.25,29938.55,29942.4362599515,53899.41162950702,13417.474365296925
2019-04-16,30531.35,30104.25,30110.602183310046,54268.88085177753,13382.296851150728
2019-04-18,30223.4,30531.35,30545.376851415007,55064.20271529214,13310.638529747397
2019-04-22,29687.95,30223.4,30226.558425132724,54812.47335053778,13335.212129936772
2019-04-23,29479.7,29687.95,29678.698237050863,54042.511572951014,13407.31340449284
2019-04-24,29860.8,29479.7,29469.341438769123,53617.014215227384,13449.819583078925
2019-04-25,29561.35,29860.8,29862.551566847207,54114.8124711644,13400.926926964179
2019-04-26,30013.5,29561.35,29564.115790689277,53395.94947063466,13473.742075804947
2019-04-30,29764.8,30013.5,30029.239527473197,53942.4619873382,13415.846244710126
2019-05-02,29708.6,29764.8,29773.096032176552,53567.52041225311,13454.09121213839
2019-05-03,29954.15,29708.6,29712.755569250716,53490.895067342506,13461.191700014633
2019-05-06,29618.45,29954.15,29963.129563241317,53813.39852258846,13426.405193644663
2019-05-07,29288.2,29618.45,29617.947619887855,53308.945850980854,13478.908998224366
2019-05-08,28994.4,29288.2,29285.285239779587,52581.2666663178,13560.203764536649
2019-05-09,28884.6,28994.4,28990.267098295284,51885.0896702302,13644.890445894574
2019-05-10,29040.5,28884.6,28883.95940832825,51393.46394088551,13708.984067788986
2019-05-13,28659.95,29040.5,29051.06912053426,51262.51205206859,13726.394528556326
2019-05-14,28829.2,28659.95,28668.316813066827,50362.15569438296,13857.484108805085
2019-05-15,28616.45,28829.2,28844.866136508717,50362.7376677062,13856.152862686778
2019-05-16,28855.3,28616.45,28629.117761366637,49875.60668480118,13933.00038518768
2019-05-17,29450.15,28855.3,28873.02105077538,50076.46302913566,13898.139900234077
2019-05-20,30759.7,29450.15,29478.160030642634,50903.16623034322,13764.15419796964
2019-05-21,30308.4,30759.7,30801.28941110601,53259.27742301123,13449.356118661919
2019-05-22,30526.8,30308.4,30325.751140593668,53094.554419541586,13478.2667633165
2019-05-23,30409.1,30526.8,30533.24177608329,54027.49589102273,13383.624413347987
2019-05-24,31212.55,30409.1,30399.662432813195,54415.59641039529,13351.152465753281
2019-05-27,31647.65,31212.55,31208.39939252833,56174.74520433615,13207.864084880746
2019-05-28,31597.9,31647.65,31648.29903537679,57255.32656870938,13140.17716410436
2019-05-29,31295.55,31597.9,31587.352942571066,57737.11066406921,13117.11700032015
2019-05-30,31537.1,31295.55,31272.214049312897,57699.36014473278,13123.55710276015
2019-05-31,31375.4,31537.1,31511.407373688016,58570.90849197172,13080.975938663456
2019-06-03,31653.65,31375.4,31345.687441961134,58534.11896845483,13085.405051313195
2019-06-04,31589.05,31653.65,31632.731224635572,59136.86915294387,13059.707373563306
2019-06-06,30857.4,31589.05,31568.903707521822,59273.91979584019,13057.041959502907
2019-06-07,31066.55,30857.4,30825.058818761056,58283.761976844035,13107.613436299698
2019-06-10,31034.0,31066.55,31045.717779488798,58653.520779733146,13091.837436305945
2019-06-11,31265.45,31034.0,31017.3998060506,58701.52119310481,13092.004516472525
2019-06-12,30965.7,31265.45,31260.588601138297,59173.089546675736,13072.448051514932
2019-06-13,30976.1,30965.7,30961.17633527732,58766.92024254183,13094.16816631279
2019-06-14,30614.35,30976.1,30973.106524626128,59056.00043194314,13082.941089709188
2019-06-17,30273.25,30614.35,30608.265956730298,58577.375500278016,13107.859907417358
2019-06-18,30351.0,30273.25,30266.417485893428,57942.03892751596,13141.76736622367
2019-06-19,30362.1,30351.0,30353.858062706517,57730.08388741794,13153.263070151883
2019-06-20,30781.1,30362.1,30370.687485961906,57566.002237014436,13162.598084121923
2019-06-21,30628.35,30781.1,30801.972111797993,58122.01965181231,13130.847056271694
2019-06-24,30602.05,30628.35,30645.563764479615,57932.451018010346,13141.748702901083
2019-06-25,30847.05,30602.05,30615.069722810396,57935.637597690955,13141.269524259045
2019-06-26,31162.35,30847.05,30860.85082336433,58355.02800134158,13117.867465190357
2019-06-27,31269.5,31162.35,31176.29616348535,59007.6298963041,13085.015352882658
2019-06-28,31105.2,31269.5,31281.678642116894,59310.200923237775,13071.220988038156
2019-07-01,31372.2,31105.2,31108.648037704865,59180.22143859068,13077.30165146095
2019-07-02,31283.3,31372.2,31375.30531490597,59803.36765805829,13050.173265101095
2019-07-03,31382.3,31283.3,31279.95031868,59774.63446997069,13051.352264103583
2019-07-04,31471.85,31382.3,31379.206988930244,59965.114598829685,13043.327879530565
2019-07-05,31475.8,31471.85,31469.752709299777,60220.47204758239,13033.851277208416
2019-07-08,30603.85,31475.8,31470.887313987216,60384.683436461055,13028.169418562715
2019-07-09,30569.15,30603.85,30583.982348862628,58848.96791039436,13093.22875192009
2019-07-10,30522.1,30569.15,30554.13405497842,58508.454674190856,13109.332827720744
2019-07-11,30716.55,30522.1,30513.190389873133,58131.893630274295,13128.47371363442
2019-07-12,30601.45,30716.55,30718.91906548696,58148.20026552944,13127.063726953973
2019-07-15,30445.95,30601.45,30608.808023604564,57715.70311023424,13150.781190604617
2019-07-16,30570.8,30445.95,30451.074975751602,57465.864159708006,13165.649874462482
2019-07-17,30735.5,30570.8,30579.19316786014,57663.63998279254,13154.144217005298
2019-07-18,30430.6,30735.5,30746.39620250895,57998.45288781949,13135.516886726646
2019-07-19,29770.35,30430.6,30436.22326678379,57446.67463229906,13167.022230571449
2019-07-22,29284.95,29770.35,29766.353735732388,56189.22120761196,13247.790876060011
2019-07-23,29128.1,29284.95,29278.125618802325,55045.21577446884,13333.492415427176
2019-07-24,28952.25,29128.1,29128.637649797492,54238.59738219244,13403.225532025615
2019-07-25,29043.05,28952.25,28962.245426276735,53267.801584573164,13497.886204834072
2019-07-26,29325.3,29043.05,29065.491110951727,52775.134035719566,13550.674786785248
2019-07-29,29295.9,29325.3,29356.891798091703,52854.60849972675,13539.914232589237
2019-07-30,28791.6,29295.9,29324.61513942123,52623.475623100305,13564.759651024166
2019-07-31,28876.0,28791.6,28808.478115125225,51627.387576617795,13686.042191498906
2019-08-01,28367.25,28876.0,28893.15007946246,51484.11142747978,13703.322167543678
2019-08-02,28204.95,28367.25,28374.884223154222,50344.128435718216,13862.996219588076
2019-08-05,27648.05,28204.95,28215.389281200172,49524.01502495615,13993.091056872881
2019-08-06,28022.1,27648.05,27656.640929232075,48097.57896420608,14247.116931901477
2019-08-07,27702.05,28022.1,28044.2400967169,48130.937402312826,14246.232728592833
2019-08-08,28110.45,27702.05,27724.04861554916,47163.000244409595,14444.983202760763
2019-08-09,28431.9,28110.45,28142.19269412216,47372.3728731798,14400.561947872553
2019-08-13,27729.1,28431.9,28467.35373970204,47643.89467183988,14338.200531100367
2019-08-14,28019.2,27729.1,27743.8821493043,46556.62911084757,14582.308966250906
2019-08-16,28217.0,28019.2,28038.60277085095,46691.34251224277,14549.025897142963
2019-08-19,28186.1,28217.0,28234.154065887968,46854.59219826867,14505.685416007578
2019-08-20,27982.45,28186.1,28199.59473373004,46641.31352416569,14551.823737713981
2019-08-21,27719.05,27982.45,27993.19742626621,46116.12275314087,14678.81305513217
2019-08-22,27034.2,27719.05,27721.8693848165,45657.53837832725,14793.958853694225
2019-08-23,26958.65,27034.2,27026.949371142677,44396.236138567045,15132.90590080009
2019-08-26,27951.35,26958.65,26958.834959703185,43813.377465515674,15310.185744410812
2019-08-27,28126.15,27951.35,27976.927134763813,44844.014844905025,15006.360446311584
2019-08-28,27804.3,28126.15,28153.54432634257,44990.10521427943,14957.768305441881
2019-08-29,27305.2,27804.3,27821.551696404465,44500.008995736665,15103.064546137273
2019-08-30,27427.85,27305.2,27306.299585258996,43851.75025616858,15297.94998106061
2019-09-03,26824.15,27427.85,27426.32573677756,43997.142083785475,15248.501454215862
2019-09-04,27123.85,26824.15,26816.36673180794,42869.88287313546,15603.957578706562
2019-09-05,26919.7,27123.85,27131.326844212737,42875.65310726068,15611.61847153547
2019-09-06,27247.9,26919.7,26929.362536535264,42354.79055153684,15789.954868328843
2019-09-09,27504.65,27247.9,27265.36630140606,42657.58308491552,15685.172347459873
2019-09-11,27776.2,27504.65,27527.536741651384,42960.04550882829,15577.845244258262
2019-09-12,27818.5,27776.2,27796.899329335167,43494.157968125386,15393.70737029668
2019-09-13,28098.75,27818.5,27833.41137239535,43671.46542740809,15333.295215857912
2019-09-16,27855.0,28098.75,28110.352643125218,44339.83392991368,15117.154083397687
2019-09-17,27131.75,27855.0,27855.02057065443,44193.250073048366,15166.255593209815
2019-09-18,27172.65,27131.75,27116.277172135335,43152.97149868585,15498.070169273611
2019-09-19,26757.65,27172.65,27162.580636601277,42963.278801462075,15563.545071038065
2019-09-20,28981.55,26757.65,26745.67577358398,42113.16176793334,15855.919256022342
2019-09-23,30566.2,28981.55,29017.52275572491,45067.0201332612,14846.457791894707
2019-09-24,30183.1,30566.2,30620.304862840523,48051.09756174085,14061.613274079076
2019-09-25,29586.05,30183.1,30203.67636901333,48693.25085451337,13993.620529658345
2019-09-26,30002.6,29586.05,29571.981520480665,48749.1121901261,14015.877845436285
2019-09-27,29876.65,30002.6,29971.566895615906,50357.68359961126,13738.125802222328
2019-09-30,29103.15,29876.65,29836.564221010085,50636.78754248522,13706.409226904178
2019-10-01,28725.5,29103.15,29058.9528035079,49393.187857345256,13926.849645252241
2019-10-03,28414.1,28725.5,28686.365607388172,48625.46081076585,14081.116254301849
2019-10-04,27731.85,28414.1,28379.387218911674,48052.42116060011,14207.038413187092
2019-10-07,27767.55,27731.85,27701.318223685885,46641.51534222198,14528.523176726087
2019-10-09,28785.85,27767.55,27757.616244346034,46194.269366412766,14652.178014851826
2019-10-10,28013.45,28785.85,28805.28093871342,47501.19141984446,14341.512476027016
2019-10-11,28042.5,28013.45,28020.7961699792,46397.87843553027,14610.073500294358
2019-10-14,28181.95,28042.5,28054.149922127646,46357.203142042315,14620.89188402193
2019-10-15,28555.1,28181.95,28193.354132133754,46680.94528960121,14542.016470856192
2019-10-16,28538.8,28555.1,28569.066992300774,47395.75561649328,14374.020734703136
2019-10-17,28989.45,28538.8,28555.25589834211,47368.533656667976,14382.037268176487
2019-10-18,29120.25,28989.45,29010.072593361794,48363.81752817156,14169.747496981852
2019-10-22,29411.15,29120.25,29136.364709026508,49000.9355544535,14051.456865566279
2019-10-23,29459.6,29411.15,29426.030909499103,49955.439943803714,13887.723726457136
2019-10-24,29107.95,29459.6,29468.046478992197,50315.75809903442,13830.691584487373
2019-10-25,29395.95,29107.95,29101.223160561553,49889.46762830768,13899.712974958411
2019-10-27,29516.3,29395.95,29391.87498266113,50303.4301754967,13826.696711898221
2019-10-29,29873.05,29516.3,29511.565008125202,50564.668103560114,13784.073773887701
2019-10-30,29987.5,29873.05,29872.810194204714,51148.2176037633,13692.36584824033
2019-10-31,30066.25,29987.5,29985.453890429875,51458.84501010487,13647.933351944053
2019-11-01,30330.55,30066.25,30058.512220358563,51926.439621419726,13588.457501253512
2019-11-04,30333.1,30330.55,30322.524139026522,52696.566216384,13496.849452254231
2019-11-05,30219.85,30333.1,30319.72536881338,53118.18179157706,13455.629180663087
2019-11-06,30609.6,30219.85,30203.054882663375,53302.86545380508,13443.8564168318
2019-11-07,30633.15,30609.6,30599.619798627835,54281.48233896535,13351.016113643158
2019-11-08,30749.4,30633.15,30620.502798683425,54658.44541575866,13321.605134050355
2019-11-11,31115.55,30749.4,30738.56742707862,55205.58237991096,13281.049806720628
2019-11-13,30541.55,31115.55,31109.746238316715,56243.82252455014,13207.385458625005
2019-11-14,30749.95,30541.55,30521.11126743842,55777.52425403258,13248.727140865043
2019-11-15,31008.4,30749.95,30735.54553274128,56322.1729758621,13212.73269247826
2019-11-18,30992.1,31008.4,30999.42782741192,57038.51180667209,13168.948828607641
2019-11-19,31236.25,30992.1,30982.538741330012,57287.521823555064,13157.100714356775
2019-11-20,31353.85,31236.25,31233.69852006095,57877.650837656205,13125.51090626119
2019-11-21,31349.95,31353.85,31348.838136844104,58488.376178957355,13096.29076650151
2019-11-22,31111.6,31349.95,31341.343524175318,58858.434251592706,13081.131179218633
2019-11-25,31555.9,31111.6,31098.202688823258,58752.437218714476,13089.26476410322
2019-11-26,31718.35,31555.9,31550.50310398241,59781.880050820466,13045.32982199699
2019-11-27,31875.95,31718.35,31714.806866069797,60391.95488855399,13023.829480676104
2019-11-28,32122.95,31875.95,31873.586174164164,60990.938635226135,13004.621705137628
2019-11-29,31946.1,32122.95,32121.845498527924,61818.386375410526,12980.53533766076
2019-12-02,31871.45,31946.1,31935.044989704256,62020.59187169525,12976.924839168816
2019-12-03,31613.35,31871.45,31857.263731864623,62171.94615789215,12974.08181517907
2019-12-04,31979.3,31613.35,31595.035298557465,61891.654863895375,12983.181324353463
2019-12-05,31712.95,31979.3,31970.787541691345,62647.20543861335,12963.567226199782
2019-12-06,31341.55,31712.95,31702.66182182615,62237.072507333876,12975.373994369977
2019-12-09,31316.65,31341.55,31328.25744856875,61571.59779503427,12995.38459308234
2019-12-10,31160.35,31316.65,31308.274878237236,61416.89317663362,13000.563398667504
2019-12-11,31256.75,31160.35,31152.23736168544,61049.44050344781,13012.598975819701
2019-12-12,31665.45,31256.75,31258.18119809591,61034.03683042957,13013.43070400251
2019-12-13,32014.25,31665.45,31678.247454463824,61710.43961253626,12991.85899558418
2019-12-16,31974.2,32014.25,32030.5850269723,62544.043297622986,12968.716613511393
2019-12-17,32140.25,31974.2,31984.637942062895,62799.3285222967,12963.14018096801
2019-12-18,32244.25,32140.25,32146.887678754014,63458.17754337159,12948.158365241803
2019-12-19,32241.45,32244.25,32245.482498192265,64029.153397084025,12936.6578146566
2019-12-20,32384.95,32241.45,32238.340271434085,64307.705957228005,12931.759111326443
2019-12-23,32339.45,32384.95,32383.306103901516,64780.74524968734,12923.572844144635
2019-12-24,32280.75,32339.45,32334.19533277637,64915.726836544265,12921.685907558303
