datetime,actual,Linear SVR,Polynomial SVR,RBF SVR
2017-03-08,20676.55,18317.49188242823,9394.057197111606,18314.77495975648
2017-03-09,20721.35,18322.746726090976,9392.576324313048,18311.408208955658
2017-03-10,20727.55,18328.001569754644,9391.094378418651,18308.030704998528
2017-03-14,21102.7,18333.25641341881,9389.611359426506,18304.64252561453
2017-03-15,21157.9,18338.511257082682,9388.127267338326,18301.243748235018
2017-03-16,21249.9,18343.766100745597,9386.642102154103,18297.834449991802
2017-03-17,21175.05,18349.020944410047,9385.155863874308,18294.41470771592
2017-03-20,21110.25,18354.27578807406,9383.668552498646,18290.984597936098
2017-03-21,21019.0,18359.53063173787,9382.180168025363,18287.544196877978
2017-03-22,20781.35,18364.785475400848,9380.690710456565,18284.09358046187
2017-03-23,20895.5,18370.04031906403,9379.200179791433,18280.632824302407
2017-03-24,21122.55,18375.29516272871,9377.708576029916,18277.162003706588
2017-03-27,21056.9,18380.550006391804,9376.215899171897,18273.681193673056
2017-03-28,21225.4,18385.804850055734,9374.722149218864,18270.190468890287
2017-03-29,21391.15,18391.059693718333,9373.22732616867,18266.68990373577
2017-03-30,21620.7,18396.314537382736,9371.731430022064,18263.17957227467
2017-03-31,21444.15,18401.569381047193,9370.234460780117,18259.659548258605
2017-04-03,21547.75,18406.82422471055,9368.736418440949,18256.12990512466
2017-04-05,21652.7,18412.079068373914,9367.237303006292,18252.59071599387
2017-04-06,21622.95,18417.333912036996,9365.737114474558,18249.04205367032
2017-04-07,21431.15,18422.58875570043,9364.235852846545,18245.483990640078
2017-04-10,21520.15,18427.843599365347,9362.733518123507,18241.91659906965
2017-04-11,21736.15,18433.0984430277,9361.230110303035,18238.339950805603
2017-04-12,21666.8,18438.35328669366,9359.725629387784,18234.754117372715
2017-04-13,21686.6,18443.608130356195,9358.22007537469,18231.159169973504
2017-04-17,21647.6,18448.862974019594,9356.713448265711,18227.55517948684
2017-04-18,21671.85,18454.117817683204,9355.205748060731,18223.942216466843
2017-04-19,21556.35,18459.372661347006,9353.696974760376,18220.320351142313
2017-04-20,21491.4,18464.627505010423,9352.187128362735,18216.689653415273
2017-04-21,21551.45,18469.882348674975,9350.676208869321,18213.050192860162
2017-04-24,21857.4,18475.137192338214,9349.164216279285,18209.4020387229
2017-04-25,22054.7,18480.392036003723,9347.651150593447,18205.745259919895
2017-04-26,22242.85,18485.6468796665,9346.13701181125,18202.079925036982
2017-04-27,22326.3,18490.90172332887,9344.621799933235,18198.406102328743
2017-04-28,22358.25,18496.15656699333,9343.105514958645,18194.72385971745
2017-05-02,22341.35,18501.411410656758,9341.588156887765,18191.0332647921
2017-05-03,22307.3,18506.666254319396,9340.069725720183,18187.334384807822
2017-05-04,22720.1,18511.921097984796,9338.550221457204,18183.627286684583
2017-05-05,22604.95,18517.17594164769,9337.029644096867,18179.912037006812
2017-05-08,22767.35,18522.430785311873,9335.507993640995,18176.188702022373
2017-05-09,22707.3,18527.685628975738,9333.985270088868,18172.45734764154
2017-05-10,22830.35,18532.940472639784,9332.461473441153,18168.71803943656
2017-05-11,22818.45,18538.195316302827,9330.936603696766,18164.970842640763
2017-05-12,22671.7,18543.450159966033,9329.410660855434,18161.215822147522
2017-05-15,22821.5,18548.70500363,9327.883644919024,18157.453042509966
2017-05-16,22928.6,18553.95984729501,9326.355555885968,18153.68256794013
2017-05-17,22935.95,18559.214690957462,9324.826393756033,18149.904462307786
2017-05-18,22698.6,18564.469534622345,9323.296158530566,18146.118789140266
2017-05-19,22769.8,18569.72437828556,9321.764850208521,18142.325611621633
2017-05-22,22652.85,18574.9792219483,9320.23246879051,18138.524992592087
2017-05-23,22582.8,18580.23406561192,9318.69901427604,18134.71699454699
2017-05-24,22536.3,18585.488909276504,9317.164486665182,18130.901679636558
2017-05-25,23190.8,18590.743752939732,9315.628885958145,18127.07910966517
2017-05-26,23362.2,18595.99859660396,9314.092212155207,18123.249346090728
2017-05-29,23182.75,18601.253440267526,9312.554465255967,18119.412450024087
2017-05-30,23307.25,18606.508283929972,9311.015645260031,18115.568482228275
2017-05-31,23424.8,18611.76312759483,9309.475752168451,18111.717503118485
2017-06-01,23310.15,18617.01797125839,9307.934785980196,18107.859572760826
2017-06-02,23375.9,18622.272814921867,9306.39274669689,18103.994750872385
2017-06-05,23459.65,18627.52765858537,9304.849634316088,18100.123096820316
2017-06-06,23416.3,18632.78250224916,9303.305448838964,18096.2446696218
2017-06-07,23567.65,18638.037345913683,9301.76019026557,18092.35952794283
2017-06-08,23536.1,18643.292189576503,9300.21385859709,18088.467730098448
2017-06-09,23690.9,18648.547033243194,9298.666453831287,18084.569334052187
2017-06-12,23470.45,18653.801876903894,9297.117975970203,18080.664397415174
2017-06-13,23477.85,18659.056720567867,9295.56842501165,18076.75297744629
2017-06-14,23498.7,18664.311564232023,9294.017800958174,18072.835131051284
2017-06-15,23391.75,18669.56640789481,9292.466103808134,18068.910914782864
2017-06-16,23502.75,18674.82125155812,9290.913333560602,18064.980384839844
2017-06-19,23742.15,18680.07609522086,9289.359490217252,18061.04359706706
2017-06-20,23697.95,18685.3309388863,9287.804573780068,18057.100606955173
2017-06-21,23708.75,18690.585782580685,9286.248584243536,18053.151469639943
2017-06-22,23736.1,18695.840626213445,9284.69152161208,18049.19623990215
2017-06-23,23542.75,18701.095469878215,9283.133385884783,18045.234972167476
2017-06-27,23216.25,18706.35031354141,9281.574177060578,18041.267720505828
2017-06-28,23235.85,18711.60515720417,9280.013895140586,18037.29453863123
2017-06-29,23227.3,18716.860000868735,9278.452540123426,18033.31547990185
2017-06-30,23211.2,18722.11484453182,9276.890112011666,18029.330597319284
2017-07-03,23272.8,18727.369688196264,9275.3266108023,18025.33994352879
2017-07-04,23214.2,18732.62453185991,9273.762036497872,18021.34357081875
2017-07-05,23352.6,18737.879375522818,9272.196389095738,18017.34153112056
2017-07-06,23466.65,18743.13421918767,9270.629668598616,18013.333876008648
2017-07-07,23449.15,18748.389062850205,9269.061875004592,18009.320656700085
2017-07-10,23675.05,18753.643906514644,9267.493008314574,18005.301924054478
2017-07-11,23584.6,18758.89875017734,9265.923068528959,18001.277728573965
2017-07-12,23695.45,18764.15359384192,9264.352055646028,17997.248120402997
2017-07-13,23888.65,18769.40843750543,9262.779969668118,17993.213149328105
2017-07-14,23937.7,18774.66328117215,9261.206810591779,17989.172864778164
2017-07-17,24015.05,18779.91812483231,9259.63257842164,17985.127315824022
2017-07-18,24022.05,18785.172968496365,9258.05727315287,17981.076551178594
2017-07-19,24152.65,18790.427812159967,9256.480894790498,17977.02061919653
2017-07-20,24213.35,18795.682655823446,9254.90344332959,17972.959567874743
2017-07-21,24257.05,18800.93749948767,9253.324918774279,17968.893444851932
2017-07-24,24420.85,18806.19234315156,9251.745321121296,17964.822297408682
2017-07-25,24520.7,18811.447186817302,9250.16465037348,17960.74617246745
2017-07-26,24670.7,18816.702030479682,9248.582906528598,17956.6651165929
2017-07-27,24922.4,18821.956874142226,9247.000089587462,17952.579175991385
2017-07-28,24811.3,18827.21171780604,9245.416199551106,17948.488396511617
2017-07-31,25103.65,18832.466561469133,9243.831236416163,17944.39282364412
2017-08-01,25122.8,18837.721405133183,9242.24520018633,17940.292502522014
2017-08-02,25055.2,18842.976248797557,9240.658090860674,17936.187477920364
2017-08-03,24675.05,18848.231092460872,9239.069908438574,17932.077794257024
2017-08-04,24827.45,18853.485936124503,9237.48065292044,17927.963495592114
2017-08-07,24906.35,18858.740779789427,9235.890324306136,17923.84462562857
2017-08-08,24599.5,18863.995623451745,9234.298922594822,17919.7212277123
2017-08-09,24374.6,18869.25046711548,9232.706447787441,17915.593344831872
2017-08-10,24217.35,18874.50531078017,9231.112899885306,17911.46101961939
2017-08-11,23985.75,18879.76015444277,9229.518278884383,17907.324294350285
2017-08-14,24115.75,18885.014998106046,9227.922584788681,17903.183210943564
2017-08-16,24437.7,18890.269841770638,9226.325817597222,17899.03781096213
2017-08-17,24237.25,18895.524685433928,9224.727977308852,17894.88813561281
2017-08-18,24074.45,18900.779529097363,9223.129063924389,17890.734225746965
2017-08-21,23936.5,18906.03437275817,9221.529077443176,17886.576121860257
2017-08-22,23974.45,18911.28921642484,9219.928017866841,17882.413864093516
2017-08-23,24316.8,18916.544060089007,9218.325885193364,17878.247492232455
2017-08-24,24274.2,18921.798903752246,9216.722679423945,17874.077045708385
2017-08-28,24377.1,18927.05374741681,9215.118400558065,17869.90256359852
2017-08-29,24128.95,18932.308591080026,9213.51304859606,17865.724084625916
2017-08-30,24308.7,18937.563434743417,9211.906623538764,17861.541647160193
2017-08-31,24318.4,18942.818278408173,9210.299125383981,17857.35528921773
2017-09-01,24434.0,18948.073122070855,9208.69055413329,17853.16504846226
2017-09-04,24236.85,18953.327965735047,9207.080909786531,17848.970962204814
2017-09-05,24328.3,18958.582809399028,9205.470192343477,17844.77306740458
2017-09-06,24279.15,18963.83765306301,9203.858401803778,17840.571400668996
2017-09-07,24304.9,18969.092496725094,9202.245538167626,17836.365998254325
2017-09-08,24370.8,18974.34734038933,9200.631601436726,17832.156896066106
2017-09-11,24672.25,18979.60218405255,9199.016591609072,17827.944129659336
2017-09-12,24784.7,18984.857027716753,9197.400508684439,17823.72773423929
2017-09-13,24831.8,18990.111871380082,9195.783352664299,17819.507744661954
2017-09-14,24912.25,18995.366715044256,9194.165123547227,17815.284195434277
2017-09-15,24844.3,19000.621558706553,9192.545821334477,17811.057120714635
2017-09-18,25046.9,19005.876402371505,9190.925446025205,17806.82655431374
2017-09-19,25041.55,19011.131246035795,9189.303997619596,17802.59252969467
2017-09-20,24965.05,19016.386089698204,9187.681476118581,17798.355079973902
2017-09-21,24799.25,19021.64093336242,9186.057881520732,17794.11423792147
2017-09-22,24368.85,19026.895777025627,9184.433213826438,17789.870035961598
2017-09-25,24165.05,19032.15062069009,9182.807473036386,17785.62250617354
2017-09-26,24199.15,19037.40546435405,9181.18065914995,17781.37168029161
2017-09-27,23812.95,19042.660308017064,9179.552772166538,17777.11758970656
2017-09-28,24008.15,19047.915151680114,9177.923812088302,17772.86026546536
2017-09-29,24053.0,19053.169995344786,9176.293778913037,17768.59973827241
2017-10-03,24103.4,19058.424839008367,9174.662672641405,17764.336038489826
2017-10-04,24113.3,19063.679682672162,9173.030493273514,17760.06919613844
2017-10-05,24058.05,19068.934526335244,9171.397240809172,17755.799240898014
2017-10-06,24190.0,19074.18936999925,9169.762915249737,17751.526202108238
2017-10-09,24251.9,19079.444213662584,9168.127516592993,17747.25010876926
2017-10-10,24347.45,19084.699057326878,9166.491044840497,17742.97098954246
2017-10-11,24107.45,19089.953900989745,9164.853499992161,17738.688872750994
2017-10-12,24361.25,19095.208744653282,9163.214882047061,17734.40378638077
2017-10-13,24689.15,19100.463588317947,9161.575191005468,17730.11575808083
2017-10-16,24703.05,19105.71843198064,9159.934426868502,17725.824815164407
2017-10-17,24645.6,19110.973275645905,9158.292589634884,17721.530984609475
2017-10-18,24313.75,19116.228119309133,9156.649679304735,17717.23429305962
2017-10-19,24009.75,19121.482962975377,9155.00569587815,17712.934766824652
2017-10-23,24088.9,19126.73780663621,9153.360639355802,17708.632431881597
2017-10-24,24222.15,19131.992650300228,9151.714509736548,17704.327313875234
2017-10-25,25035.9,19137.247493963394,9150.067307021449,17700.019438119096
2017-10-26,25022.2,19142.502337628615,9148.419031211062,17695.70882959632
2017-10-27,24839.55,19147.75718129113,9146.769682303202,17691.39551296017
2017-10-30,24988.55,19153.0120249553,9145.119260300056,17687.079512535278
2017-10-31,25019.35,19158.266868620172,9143.467765200525,17682.76085231811
2017-11-01,25490.45,19163.521712281945,9141.815197003285,17678.439555978024
2017-11-02,25427.3,19168.776555946104,9140.161555711858,17674.1156468582
2017-11-03,25650.7,19174.031399609892,9138.50684132395,17669.789147976207
2017-11-06,25571.15,19179.286243273575,9136.851053838705,17665.460082025278
2017-11-07,25300.8,19184.54108693699,9135.194193257728,17661.128471374952
2017-11-08,25184.35,19189.79593060084,9133.536259580073,17656.794338072054
2017-11-09,25291.35,19195.05077426654,9131.877252806946,17652.457703841654
2017-11-10,25498.95,19200.305617927734,9130.217172937522,17648.1185900877
2017-11-13,25358.3,19205.560461591427,9128.55601997217,17643.777017894587
2017-11-14,25284.6,19210.815305258642,9126.893793908615,17639.43300802744
2017-11-15,25218.9,19216.070148919283,9125.23049475169,17635.086580933406
2017-11-16,25446.6,19221.324992582555,9123.566122495826,17630.73775674255
2017-11-17,25728.4,19226.579836246827,9121.900677145226,17626.386555268848
2017-11-20,25768.6,19231.834679910324,9120.23415869839,17622.03299601118
2017-11-21,25757.5,19237.0895235738,9118.5665671552,17617.677098154265
2017-11-22,25766.65,19242.34436723755,9116.89790251535,17613.318880569685
2017-11-23,25736.25,19247.599210900502,9115.228164780036,17608.95836181696
2017-11-24,25779.65,19252.85405456646,9113.557353947293,17604.595560144535
2017-11-27,25891.95,19258.10889822847,9111.885470019644,17600.230493490824
2017-11-28,25846.4,19263.363741893176,9110.212512995562,17595.86317948511
2017-11-29,25795.7,19268.61858555646,9108.538482874517,17591.493635448904
2017-11-30,25332.4,19273.87342921985,9106.863379657489,17587.12187839661
2017-12-01,25191.95,19279.128272882328,9105.187203344462,17582.747925036925
2017-12-04,25075.1,19284.383116547255,9103.509953935023,17578.371791773796
2017-12-05,25124.85,19289.63796021021,9101.83163142922,17573.99349470743
2017-12-06,24851.8,19294.89280387429,9100.152235826801,17569.61304963557
2017-12-07,25057.25,19300.147647537586,9098.47176713008,17565.230472054485
2017-12-08,25321.15,19305.402491201727,9096.790225335575,17560.845777159935
2017-12-11,25404.85,19310.657334865573,9095.107610444516,17556.45897984859
2017-12-12,25125.45,19315.91217852876,9093.42392245771,17552.070094718943
2017-12-13,25000.35,19321.167022192458,9091.739161375222,17547.679136072533
2017-12-14,25168.2,19326.42186585525,9090.05332719551,17543.28611791526
2017-12-15,25440.3,19331.676709521023,9088.366419920405,17538.89105395803
2017-12-18,25594.55,19336.931553192255,9086.678439548425,17534.493957618473
2017-12-19,25716.2,19342.186396847246,9084.989386080457,17530.094842021783
2017-12-20,25591.7,19347.441240510176,9083.299259515896,17525.693720002106
2017-12-21,25554.3,19352.69608417481,9081.608059856371,17521.290604103568
2017-12-22,25648.55,19357.9509278395,9079.915787099251,17516.885506581573
2017-12-26,25675.25,19363.205771502613,9078.222441246737,17512.478439403836
2017-12-27,25496.05,19368.4606151658,9076.528022297847,17508.069414251888
2017-12-28,25490.0,19373.715458829523,9074.832530252592,17503.65844252199
2017-12-29,25539.45,19378.97030249791,9073.135965110116,17499.24553532653
2018-01-01,25318.1,19384.225146157325,9071.438326873142,17494.83070349527
2018-01-02,25338.25,19389.479989820786,9069.739615539178,17490.413957576457
2018-01-03,25318.6,19394.734833484406,9068.03983110947,17485.995307838246
2018-01-04,25462.6,19399.989677148602,9066.338973581447,17481.574764269855
2018-01-05,25601.85,19405.244520812666,9064.637042958806,17477.152336582752
2018-01-08,25676.1,19410.499364475363,9062.934039240214,17472.72803421222
2018-01-09,25703.8,19415.754208138813,9061.229962425587,17468.30186631803
2018-01-10,25617.3,19421.0090518027,9059.524812513137,17463.873841786473
2018-01-11,25660.9,19426.263895468048,9057.818589505356,17459.443969231157
2018-01-12,25749.05,19431.51873913028,9056.11129340181,17455.012256994552
2018-01-15,26069.2,19436.773582793743,9054.402924201419,17450.578713149218
2018-01-16,25974.9,19442.028426457724,9052.693481905793,17446.143345498756
2018-01-17,26289.1,19447.283270121567,9050.982966513542,17441.706161579943
2018-01-18,26537.4,19452.538113785035,9049.271378024103,17437.267168663217
2018-01-19,26909.5,19457.792957448823,9047.558716440506,17432.826373754626
2018-01-22,27041.2,19463.047801110086,9045.844981758139,17428.38378359672
2018-01-23,27390.6,19468.302644776406,9044.130173980124,17423.939404670167
2018-01-24,27398.55,19473.55748844002,9042.414293106875,17419.493243195146
2018-01-25,27445.65,19478.812332104626,9040.697339136625,17415.04530513238
2018-01-29,27498.45,19484.067175767676,9038.979312070358,17410.59559618472
2018-01-30,27269.05,19489.322019431493,9037.26021190775,17406.144121798734
2018-01-31,27379.45,19494.576863093695,9035.540038649791,17401.69088716564
2018-02-01,27220.7,19499.83170675857,9033.818792295493,17397.235897222938
2018-02-02,26451.15,19505.086550422733,9032.096472844483,17392.779156655757
2018-02-05,26098.75,19510.341394085925,9030.373080297093,17388.32066989834
2018-02-06,25811.3,19515.596237750015,9028.648614653688,17383.86044113525
2018-02-07,25670.0,19520.851081413053,9026.923075913099,17379.398474302914
2018-02-08,25920.65,19526.105925076772,9025.196464076726,17374.934773091034
2018-02-09,25463.65,19531.360768742485,9023.468779144112,17370.469340943848
2018-02-12,25701.6,19536.615612404305,9021.740021115691,17366.002181061904
2018-02-14,25341.25,19541.87045606836,9020.010189992108,17361.53329640296
2018-02-15,25424.35,19547.125299730724,9018.279285770275,17357.062689683953
2018-02-16,25163.9,19552.380143394417,9016.547308452577,17352.590363382078
2018-02-19,25058.55,19557.63498705873,9014.814258040553,17348.11631973636
2018-02-20,24874.4,19562.88983072258,9013.080134529751,17343.64056074914
2018-02-21,24936.7,19568.14467438654,9011.344937924408,17339.1630881874
2018-02-22,24955.2,19573.39951805042,9009.60866822261,17334.683903584417
2018-02-23,25302.5,19578.654361713743,9007.871325424236,17330.203008240904
2018-02-26,25687.9,19583.90920537798,9006.132909529617,17325.720403226893
2018-02-27,25383.6,19589.16404904164,9004.393420537805,17321.2360893829
2018-02-28,25107.4,19594.41889270449,9002.652858451158,17316.75006732147
2018-03-01,24902.55,19599.67373636907,9000.911223267933,17312.262337428736
2018-03-05,24818.7,19604.92858003142,8999.168514988563,17307.772899865788
2018-03-06,24448.45,19610.183423695416,8997.424733614447,17303.281754570286
2018-03-07,24134.1,19615.438267358997,8995.6798791421,17298.78890125789
2018-03-08,24477.65,19620.693111023633,8993.933951574414,17294.294339423683
2018-03-09,24296.45,19625.947954688723,8992.186950909643,17289.79806834383
2018-03-12,24664.2,19631.202798348007,8990.438877148496,17285.300087077114
2018-03-13,24738.65,19636.45764201435,8988.689730292543,17280.800394466038
2018-03-14,24851.65,19641.71248567893,8986.939510338574,17276.298989138915
2018-03-15,24791.85,19646.96732934116,8985.188217287792,17271.795869511036
2018-03-16,24489.55,19652.222173005743,8983.43585114186,17267.291033786198
2018-03-19,24245.1,19657.477016669232,8981.682411902377,17262.784479958387
2018-03-20,24168.2,19662.731860332715,8979.9278995652,17258.276205813185
2018-03-21,24255.6,19667.986703996146,8978.172314129582,17253.76620892933
2018-03-22,24141.5,19673.241547660953,8976.415655597299,17249.254486680304
2018-03-23,23670.4,19678.496391324778,8974.657923970763,17244.741036235824
2018-03-26,24244.35,19683.7512349872,8972.899119248823,17240.225854563345
2018-03-27,24434.15,19689.006078651597,8971.139241430556,17235.708938429732
2018-03-28,24263.35,19694.260922314723,8969.378290514665,17231.19028440257
2018-04-02,24328.5,19699.51576597992,8967.616266504316,17226.6698888522
2018-04-03,24510.6,19704.770609642397,8965.853169396858,17222.147747952564
2018-04-04,24129.5,19710.025453307004,8964.088999191643,17217.62385768346
2018-04-05,24759.8,19715.28029697106,8962.32375589125,17213.098213831625
2018-04-06,24873.15,19720.535140633696,8960.55743949507,17208.570811992613
2018-04-09,25093.8,19725.789984297357,8958.790050001962,17204.041647572078
2018-04-10,25226.8,19731.044827961552,8957.021587412755,17199.510715787554
2018-04-11,25098.25,19736.299671626315,8955.252051728048,17194.978011670017
2018-04-12,25195.1,19741.554515292904,8953.481442945787,17190.443530065302
2018-04-13,25200.6,19746.809358951858,8951.709761068527,17185.907265635913
2018-04-16,25320.85,19752.06420261512,8949.937006094788,17181.369212862373
2018-04-17,25334.45,19757.31904627946,8948.163178023804,17176.82936604492
2018-04-18,25102.3,19762.573889942203,8946.388276855894,17172.287719305143
2018-04-19,25126.15,19767.828733606253,8944.612302595688,17167.74426658751
2018-04-20,24943.85,19773.08357727014,8942.835255236618,17163.199001660854
2018-04-23,24960.65,19778.338420934117,8941.05713478073,17158.651918120126
2018-04-24,25042.1,19783.593264597082,8939.277941229733,17154.103009387978
2018-04-25,24814.4,19788.848108261558,8937.497674581862,17149.552268716303
2018-04-26,25010.9,19794.10295192561,8935.716334838191,17144.999689187767
2018-04-27,25394.6,19799.357795586824,8933.933921999042,17140.445263717524
2018-04-30,25531.6,19804.612639252522,8932.150436061687,17135.888985054684
2018-05-02,25568.3,19809.867482915022,8930.365877030807,17131.330845784207
2018-05-03,25605.25,19815.122326583427,8928.580244899904,17126.770838328084
2018-05-04,25645.4,19820.377170243653,8926.793539676264,17122.20895494726
2018-05-07,25852.05,19825.632013907434,8925.005761355109,17117.645187743183
2018-05-08,26090.5,19830.886857569643,8923.216909936542,17113.079528659247
2018-05-09,26154.45,19836.141701233984,8921.426985422564,17108.511969482664
2018-05-10,26131.0,19841.39654489963,8919.635987813876,17103.942501845824
2018-05-11,26413.15,19846.651388563772,8917.84391710663,17099.371117228
2018-05-14,26475.15,19851.90623222645,8916.050773303521,17094.797806957195
2018-05-15,26474.0,19857.161075888816,8914.256556405642,17090.222562211235
2018-05-16,26182.15,19862.41591955424,8912.461266412764,17085.645374019856
2018-05-17,26073.8,19867.670763216778,8910.664903322839,17081.066233266116
2018-05-18,25875.6,19872.925606880042,8908.8674671315,17076.48513068807
2018-05-21,25750.8,19878.18045054368,8907.068957849428,17071.902056880364
2018-05-22,25777.7,19883.43529420696,8905.269375471136,17067.31700229578
2018-05-23,25684.95,19888.690137871876,8903.46871999423,17062.72995724699
2018-05-24,26016.8,19893.944981535133,8901.66699142164,17058.140911908024
2018-05-25,26273.55,19899.19982520199,8899.86418975343,17053.54985631607
2018-05-28,26614.25,19904.454668862876,8898.060314988412,17048.956780373002
2018-05-29,26254.8,19909.70951252696,8896.255367127773,17044.361673846914
2018-05-30,26327.8,19914.964356190274,8894.44934617062,17039.764526373834
2018-05-31,26956.2,19920.219199853636,8892.642252116833,17035.16532745945
2018-06-01,26692.8,19925.474043518312,8890.834084968263,17030.564066480387
2018-06-04,26257.55,19930.72888718027,8889.024844722871,17025.9607326862
2018-06-05,26251.0,19935.983730844804,8887.214531380254,17021.355315200864
2018-06-06,26367.6,19941.238574507912,8885.403144941612,17016.747803024275
2018-06-07,26517.8,19946.493418171638,8883.590685405346,17012.138185034073
2018-06-08,26451.35,19951.748261837387,8881.777152776005,17007.526449987086
2018-06-11,26453.55,19957.003105499563,8879.962547049025,17002.912586521055
2018-06-12,26607.1,19962.257949163515,8878.146868226751,16998.296583156163
2018-06-13,26642.8,19967.512792829395,8876.330116307136,16993.678428296786
2018-06-14,26562.25,19972.767636490345,8874.512291291006,16989.058110233
2018-06-15,26417.4,19978.022480153973,8872.693393177538,16984.435617142215
2018-06-18,26409.3,19983.277323821752,8870.873421971413,16979.81093709089
2018-06-19,26265.75,19988.532167481248,8869.052377666672,16975.184058035924
2018-06-20,26557.7,19993.787011144243,8867.23026026597,16970.554967826552
2018-06-21,26496.95,19999.041854809897,8865.407069767542,16965.923654205762
2018-06-22,26766.85,20004.296698467217,8863.582806176666,16961.29010481196
2018-06-25,26609.7,20009.55154213707,8861.757469485401,16956.654307180648
2018-06-26,26601.7,20014.80638579831,8859.931059701275,16952.016248745997
2018-06-27,26423.4,20020.06122946364,8858.10357682036,16947.375916842328
2018-06-28,26324.6,20025.316073133727,8856.27502084197,16942.733298705913
2018-06-29,26364.2,20030.570916793833,8854.445391766381,16938.088381476606
2018-07-02,26230.3,20035.82576045476,8852.61468959724,16933.44115219913
2018-07-03,26204.1,20041.080604118884,8850.782914331097,16928.79159782506
2018-07-04,26433.95,20046.335447783487,8848.950065968342,16924.1397052142
2018-07-05,26503.3,20051.59029144725,8847.11614450889,16919.48546113643
2018-07-06,26493.85,20056.845135110438,8845.281149953951,16914.82885227283
2018-07-09,26753.3,20062.099978773636,8843.445082301037,16910.16986521791
2018-07-10,26894.55,20067.354822429574,8841.607941553291,16905.50848648058
2018-07-11,26816.2,20072.6096661006,8839.769727708861,16900.84470248632
2018-07-12,27026.55,20077.86450976487,8837.930440768716,16896.178499578346
2018-07-13,26935.95,20083.119353427854,8836.090080731126,16891.50986401943
2018-07-16,26679.8,20088.37419709177,8834.248647599214,16886.838781993316
2018-07-17,27008.1,20093.629040756245,8832.406141370777,16882.165239606715
2018-07-18,26880.9,20098.883884419734,8830.562562045798,16877.489222890217
2018-07-19,26789.65,20104.138728083566,8828.717909623409,16872.810717800443
2018-07-20,26873.2,20109.393571745866,8826.872184105247,16868.12971022151
2018-07-23,27008.15,20114.648415410844,8825.025385492565,16863.44618596636
2018-07-24,26974.4,20119.903259073984,8823.177513781848,16858.760130778704
2018-07-25,27031.3,20125.158102737907,8821.328568976522,16854.071530334295
2018-07-26,27406.4,20130.41294640131,8819.4785510726,16849.380370242678
2018-07-27,27634.4,20135.667790064996,8817.627460075255,16844.686636048686
2018-07-30,27842.6,20140.922633728824,8815.775295979507,16839.990313234033
2018-07-31,27764.15,20146.177477392222,8813.922058787246,16835.29138721891
2018-08-01,27596.6,20151.43232105671,8812.067748501928,16830.58984336355
2018-08-02,27355.95,20156.68716471934,8810.21236511609,16825.885666969654
2018-08-03,27695.5,20161.94200838401,8808.355908635658,16821.178843282112
2018-08-06,27898.5,20167.196852047357,8806.49837906042,16816.469357490514
2018-08-07,27875.9,20172.451695711163,8804.639776388049,16811.75719473076
2018-08-08,28062.45,20177.706539374616,8802.78010061896,16807.042340086315
2018-08-09,28320.0,20182.96138303956,8800.91935175403,16802.32477859027
2018-08-10,28124.25,20188.216226701723,8799.057529792799,16797.604495226435
2018-08-13,27794.4,20193.471070364627,8797.194634735986,16792.88147493111
2018-08-14,28021.7,20198.725914028895,8795.330666582217,16788.155702594544
2018-08-16,27826.55,20203.980757693498,8793.465625333867,16783.427163062464
2018-08-17,28128.55,20209.235601356857,8791.599510986702,16778.69584113764
2018-08-20,28274.25,20214.490445020394,8789.7323235446,16773.9617215815
2018-08-21,28257.9,20219.745288683942,8787.864063006135,16769.22478911545
2018-08-23,28027.9,20225.000132348425,8785.994729371094,16764.485028422583
2018-08-24,27834.7,20230.254976011114,8784.124322640668,16759.74242414912
2018-08-27,28264.2,20235.50981967686,8782.252842813476,16754.996960905904
2018-08-28,28269.65,20240.764663340124,8780.380289889094,16750.24862326994
2018-08-29,28224.1,20246.019507002828,8778.506663869532,16745.497395785977
2018-08-30,28103.25,20251.274350667096,8776.631964753633,16740.743262967862
2018-08-31,28061.75,20256.52919433018,8774.756192541758,16735.98620930016
2018-09-03,27819.5,20261.784037993773,8772.879347232372,16731.2262192396
2018-09-04,27430.75,20267.038881657427,8771.00142882778,16726.46327721664
2018-09-05,27376.05,20272.29372532151,8769.122437328151,16721.69736763677
2018-09-06,27468.7,20277.548568985483,8767.24237273027,16716.928474882327
2018-09-07,27481.45,20282.803412647845,8765.3612350371,16712.156583313663
2018-09-10,27201.75,20288.058256313263,8763.479024247024,16707.38167727075
2018-09-11,26807.5,20293.313099975225,8761.595740362474,16702.603741074636
2018-09-12,26819.2,20298.567943639504,8759.71138338029,16697.82275902902
2018-09-14,27163.85,20303.822787306082,8757.825953301599,16693.038715421546
2018-09-17,26820.3,20309.07763096686,8755.939450127451,16688.25159452536
2018-09-18,26441.45,20314.33247463034,8754.05187385456,16683.461380600624
2018-09-19,26277.35,20319.587318295773,8752.16322449016,16678.66805789582
2018-09-21,25596.9,20324.84216195772,8750.273502027083,16673.871610649287
2018-09-24,24970.35,20330.09700562127,8748.382706466478,16669.072023090775
2018-09-25,25330.35,20335.35184928554,8746.490837810577,16664.26927944262
2018-09-26,25376.3,20340.60669295009,8744.59789605912,16659.46336392151
2018-09-27,25042.15,20345.861536612443,8742.70388121041,16654.65426073958
2018-09-28,25119.85,20351.11638027645,8740.808793266491,16649.841954106116
2018-10-01,25367.0,20356.37122394036,8738.91263222705,16645.02642822882
2018-10-03,25069.9,20361.626067603036,8737.015398088923,16640.20766731538
2018-10-04,24819.3,20366.880911268443,8735.11709085768,16635.38565557463
2018-10-05,24443.45,20372.1357549312,8733.217710528566,16630.56037721826
2018-10-08,24618.35,20377.390598596387,8731.317257100976,16625.731816461896
2018-10-09,24527.65,20382.645442258246,8729.415730580105,16620.899957526883
2018-10-10,25321.7,20387.900285922602,8727.513130962827,16616.064784641334
2018-10-11,24783.95,20393.155129585448,8725.609458248417,16611.22628204175
2018-10-12,25395.85,20398.409973248752,8723.704712438453,16606.384433974275
2018-10-15,25388.05,20403.66481691213,8721.79889353095,16601.5392246961
2018-10-16,25589.65,20408.919660576998,8719.892001529352,16596.69063847699
2018-10-17,25188.6,20414.17450424095,8717.984036429207,16591.838659600362
2018-10-19,25085.8,20419.42934790563,8716.074998232822,16586.983272364894
2018-10-22,25078.6,20424.68419156861,8714.164886942543,16582.12446108581
2018-10-23,24972.45,20429.939035231346,8712.253702554206,16577.26221009625
2018-10-24,25064.2,20435.19387889377,8710.341445069567,16572.396503748605
2018-10-25,24817.45,20440.448722558853,8708.428114490647,16567.527326415802
2018-10-26,24421.05,20445.703566223012,8706.513710813255,16562.65466249276
2018-10-29,24959.7,20450.958409886378,8704.598234042312,16557.778496397666
2018-10-30,24807.75,20456.21325354976,8702.681684171723,16552.89881257331
2018-10-31,25153.25,20461.46809721429,8700.764061207827,16548.0155954884
2018-11-01,25323.65,20466.72294087807,8698.845365145098,16543.128829638896
2018-11-02,25701.65,20471.977784541035,8696.925595986811,16538.238499549276
2018-11-05,25732.2,20477.232628204212,8695.004753732443,16533.344589773973
2018-11-06,25598.0,20482.487471868204,8693.082838384618,16528.4470848985
2018-11-07,25737.5,20487.742315531807,8691.159849937883,16523.545969540915
2018-11-09,25771.0,20492.997159197173,8689.235788395941,16518.641228352968
2018-11-12,25539.75,20498.25200285953,8687.31065375524,16513.73284602151
2018-11-13,25768.6,20503.506846519707,8685.38444602093,16508.82080726962
2018-11-14,25930.15,20508.761690187453,8683.457165190957,16503.905096858143
2018-11-15,26154.75,20514.016533850816,8681.52881126188,16498.985699586643
2018-11-16,26245.55,20519.271377514666,8679.599384238129,16494.062600294885
2018-11-19,26300.7,20524.526221179025,8677.668884117802,16489.13578386398
2018-11-20,26113.35,20529.781064841227,8675.737310902945,16484.205235217723
2018-11-21,26262.05,20535.035908506095,8673.804664589486,16479.27093932376
2018-11-22,25999.45,20540.29075216886,8671.87094518086,16474.332881194885
2018-11-26,26365.6,20545.545595835054,8669.936152675986,16469.391045890283
2018-11-27,26443.1,20550.80043949652,8668.00028707372,16464.445418516625
2018-11-28,26457.95,20556.055283160633,8666.063348378939,16459.49598422945
2018-11-29,26939.6,20561.31012682264,8664.125336585108,16454.542728234326
2018-11-30,26862.95,20566.56497048758,8662.186251694799,16449.58563578804
2018-12-03,26857.55,20571.819814151255,8660.24609371009,16444.624692199886
2018-12-04,26693.8,20577.074657814956,8658.304862626708,16439.659882832755
2018-12-05,26519.6,20582.329501478478,8656.362558447549,16434.691193104212
2018-12-06,26198.3,20587.58434514403,8654.419181172721,16429.71860848806
2018-12-07,26594.3,20592.839188805585,8652.474730801147,16424.742114515175
2018-12-10,26102.65,20598.09403246944,8650.529207334088,16419.76169677483
2018-12-11,26163.4,20603.348876132666,8648.582610772117,16414.777340915833
2018-12-12,26643.85,20608.60371979754,8646.634941111772,16409.78903264768
2018-12-13,26816.35,20613.85856346043,8644.68619835507,16404.79675774164
2018-12-14,26826.0,20619.113407125158,8642.736382504832,16399.800502032063
2018-12-17,27015.8,20624.368250789445,8640.785493556643,16394.800251417455
2018-12-18,27174.7,20629.62309445421,8638.83353151122,16389.795991861465
2018-12-19,27298.4,20634.87793811615,8636.880496370355,16384.787709394277
2018-12-20,27275.1,20640.13278178007,8634.926388132282,16379.775390113522
2018-12-21,26869.65,20645.38762544252,8632.971206800774,16374.759020185393
2018-12-24,26714.75,20650.64246910731,8631.01495237233,16369.738585845991
2018-12-26,26986.8,20655.897312770798,8629.05762484639,16364.71407340216
2018-12-27,26878.55,20661.152156435506,8627.0992242234,16359.685469232743
2018-12-28,27125.25,20666.40700009891,8625.13975050538,16354.652759789446
2018-12-31,27160.2,20671.661843761667,8623.17920369038,16349.615931598368
2019-01-01,27392.4,20676.916687424848,8621.217583780572,16344.574971260528
2019-01-02,27174.7,20682.171531090356,8619.254890772872,16339.529865453476
2019-01-03,26959.85,20687.426374752435,8617.291124669642,16334.480600931798
2019-01-04,27195.0,20692.681218416157,8615.326285470002,16329.427164528637
2019-01-07,27304.55,20697.936062080604,8613.360373175077,16324.369543156545
2019-01-08,27509.5,20703.190905744763,8611.393387782127,16319.307723808484
2019-01-09,27720.4,20708.44574940789,8609.425329294356,16314.241693559015
2019-01-10,27528.55,20713.70059307012,8607.456197709407,16309.171439565085
2019-01-11,27453.9,20718.95543673526,8605.485993030932,16304.096949067382
2019-01-14,27248.25,20724.210280399046,8603.514715251757,16299.018209391026
2019-01-15,27400.75,20729.465124063463,8601.542364379564,16293.935207946772
2019-01-16,27483.7,20734.719967725516,8599.568940410258,16288.847932231962
2019-01-17,27528.75,20739.97481138927,8597.594443346006,16283.756369831535
2019-01-18,27456.7,20745.229655053794,8595.618873183616,16278.660508418878
2019-01-21,27533.6,20750.48449871748,8593.642229926536,16273.56033575713
2019-01-22,27482.25,20755.73934238073,8591.66451357181,16268.455839699796
2019-01-23,27250.75,20760.99418604454,8589.685724122977,16263.3470081919
2019-01-24,27266.4,20766.24902970713,8587.705861575556,16258.233829270945
2019-01-25,27115.3,20771.503873371337,8585.724925933038,16253.116291067787
2019-01-28,26653.05,20776.758717035773,8583.742917193013,16247.99438180766
2019-01-29,26573.4,20782.01356069998,8581.75983535828,16242.868089811062
2019-01-30,26825.5,20787.268404363,8579.775680425888,16237.737403494837
2019-01-31,27295.45,20792.52324802417,8577.790452398585,16232.602311372748
2019-02-01,27085.95,20797.778091690903,8575.804151276447,16227.46280205678
2019-02-04,27186.6,20803.032935354466,8573.816777055592,16222.31886425783
2019-02-05,27271.7,20808.287779017784,8571.828329738957,16217.170486786723
2019-02-06,27402.35,20813.5426226818,8569.838809325733,16212.01765855497
2019-02-07,27387.15,20818.79746634436,8567.848215816888,16206.860368575837
2019-02-08,27294.4,20824.05231001014,8565.856549211248,16201.69860596502
2019-02-11,27227.8,20829.307153672886,8563.863809512111,16196.532359941799
2019-02-12,27010.75,20834.561997335324,8561.869996713162,16191.361619829597
2019-02-13,26885.4,20839.816840997617,8559.875110819361,16186.18637505703
2019-02-14,26970.6,20845.071684663148,8557.879151829373,16181.006615158722
2019-02-15,26794.25,20850.326528327285,8555.882119742015,16175.82232977613
2019-02-18,26654.25,20855.581371990767,8553.884014562123,16170.633508658404
2019-02-19,26684.85,20860.836215653922,8551.88483628119,16165.440141663188
2019-02-20,26955.5,20866.091059318944,8549.8845849064,16160.242218757556
2019-02-21,27052.4,20871.34590298252,8547.883260436294,16155.039730018609
2019-02-22,26867.55,20876.600746647193,8545.880862868067,16149.832665634483
2019-02-25,27159.25,20881.85559030941,8543.87739220375,16144.621015905108
2019-02-26,26952.95,20887.110433972703,8541.872848444467,16139.404771242958
2019-02-27,26799.3,20892.36527763669,8539.867231588947,16134.183922173856
2019-02-28,26789.9,20897.62012130012,8537.860541637509,16128.95845933774
2019-03-01,27043.9,20902.874964963783,8535.852778588134,16123.728373489526
2019-03-05,27554.05,20908.129808630532,8533.843942440759,16118.493655499602
2019-03-06,27625.65,20913.384652290428,8531.834033200792,16113.254296355162
2019-03-07,27764.6,20918.63949595499,8529.823050862948,16108.010287160214
2019-03-08,27761.8,20923.894339618528,8527.810995430415,16102.76161913693
2019-03-11,27966.65,20929.149183281814,8525.797866900151,16097.508283625979
2019-03-12,28443.7,20934.40402694681,8523.783665275616,16092.250272087542
2019-03-13,28884.3,20939.65887061119,8521.768390552814,16086.987576101828
2019-03-14,28923.1,20944.913714273916,8519.752042733548,16081.720187370018
2019-03-15,29381.45,20950.168557937504,8517.73462181857,16076.448097714621
2019-03-18,29596.1,20955.423401599634,8515.716127809797,16071.17129908055
2019-03-19,29767.85,20960.678245264608,8513.696560702436,16065.889783535556
2019-03-20,29832.2,20965.933088926402,8511.675920498199,16060.603543271005
2019-03-22,29582.5,20971.187932592842,8509.654207199872,16055.31257060261
2019-03-25,29281.2,20976.44277625537,8507.631420803424,16050.016857970993
2019-03-26,29882.15,20981.697619919167,8505.607561310835,16044.716397942411
2019-03-27,30019.8,20986.952463583664,8503.582628721975,16039.411183209353
2019-03-28,30420.55,20992.207307247423,8501.556623037413,16034.10120659136
2019-03-29,30426.8,20997.46215090972,8499.529544256733,16028.786461035372
2019-04-01,30326.5,21002.716994573242,8497.501392378414,16023.466939616628
2019-04-02,30354.25,21007.97183823273,8495.47216740635,16018.142635539096
2019-04-03,30093.3,21013.226681901513,8493.441869336017,16012.813542136291
2019-04-04,29904.9,21018.48152556477,8491.410498172005,16007.479652871742
2019-04-05,30084.65,21023.736369229453,8489.378053907618,16002.140961339483
2019-04-08,29845.3,21028.9912128926,8487.344536550389,15996.797461265032
2019-04-09,30113.85,21034.246056556527,8485.309946096475,15991.44914650562
2019-04-10,29803.5,21039.500900218914,8483.274282546376,15986.09601105082
2019-04-11,29786.1,21044.75574388312,8481.237545898617,15980.738049023319
2019-04-12,29938.55,21050.010587547804,8479.19973615521,15975.375254679278
2019-04-15,30104.25,21055.265431212218,8477.160853317706,15970.007622408966
2019-04-16,30531.35,21060.52027487518,8475.120897381837,15964.635146737335
2019-04-18,30223.4,21065.775118537524,8473.07986834944,15959.257822324522
2019-04-22,29687.95,21071.029962201635,8471.037766221627,15953.875643966421
2019-04-23,29479.7,21076.284805865274,8468.994590997201,15948.488606595161
2019-04-24,29860.8,21081.53964952968,8466.950342675866,15943.096705279677
2019-04-25,29561.35,21086.794493193916,8464.905021260818,15937.699935226185
2019-04-26,30013.5,21092.049336857028,8462.85862674767,15932.298291778672
2019-04-30,29764.8,21097.304180523526,8460.811159139312,15926.89177041952
2019-05-02,29708.6,21102.559024183138,8458.762618432356,15921.480366769827
2019-05-03,29954.15,21107.813867844816,8456.713004632147,15916.064076589944
2019-05-06,29618.45,21113.06871151235,8454.662317733597,15910.642895780024
2019-05-07,29288.2,21118.323555175626,8452.610557740112,15905.216820380392
2019-05-08,28994.4,21123.578398840516,8450.557724648199,15899.785846572137
2019-05-09,28884.6,21128.83324250278,8448.503818462126,15894.349970677387
2019-05-10,29040.5,21134.08808616663,8446.448839181403,15888.90918915982
2019-05-13,28659.95,21139.342929831335,8444.392786799917,15883.463498625277
2019-05-14,28829.2,21144.597773492853,8442.335661325193,15878.012895821847
2019-05-15,28616.45,21149.85261715653,8440.277462754882,15872.55737764067
2019-05-16,28855.3,21155.107460821688,8438.218191086378,15867.096941116066
2019-05-17,29450.15,21160.36230448467,8436.157846323209,15861.631583426035
2019-05-20,30759.7,21165.617148147987,8434.096428462428,15856.161301892762
2019-05-21,30308.4,21170.8719918125,8432.033937504844,15850.686093982888
2019-05-22,30526.8,21176.126835477313,8429.970373453834,15845.205957307833
2019-05-23,30409.1,21181.381679139922,8427.905736304328,15839.720889624377
2019-05-24,31212.55,21186.636522803547,8425.84002606011,15834.230888834863
2019-05-27,31647.65,21191.8913664709,8423.773242718486,15828.735952987689
2019-05-28,31597.9,21197.146210131006,8421.705386280799,15823.236080277542
2019-05-29,31295.55,21202.401053794936,8419.63645674685,15817.731269045813
2019-05-30,31537.1,21207.655897458902,8417.566454117808,15812.221517780974
2019-05-31,31375.4,21212.910741120984,8415.49537839096,15806.706825118803
2019-06-03,31653.65,21218.16558478575,8413.423229569096,15801.18718984278
2019-06-04,31589.05,21223.420428448117,8411.350007648438,15795.662610884454
2019-06-06,30857.4,21228.675272112436,8409.275712634231,15790.133087323695
2019-06-07,31066.55,21233.930115776835,8407.200344525194,15784.598618389009
2019-06-10,31034.0,21239.1849594417,8405.123903316828,15779.059203457775
2019-06-11,31265.45,21244.439803104153,8403.04638901302,15773.514842056677
2019-06-12,30965.7,21249.694646767126,8400.967801612745,15767.965533861887
2019-06-13,30976.1,21254.9494904321,8398.888141115278,15762.41127869934
2019-06-14,30614.35,21260.204334097045,8396.807407525414,15756.85207654502
2019-06-17,30273.25,21265.459177759647,8394.72560083458,15751.287927525273
2019-06-18,30351.0,21270.714021423206,8392.642721050759,15745.718831916982
2019-06-19,30362.1,21275.968865089548,8390.558768170564,15740.144790147853
2019-06-20,30781.1,21281.223708752164,8388.473742191618,15734.565802796638
2019-06-21,30628.35,21286.478552414916,8386.387643119491,15728.981870593405
2019-06-24,30602.05,21291.733396076426,8384.300470949562,15723.392994419752
2019-06-25,30847.05,21296.98823974103,8382.212225683621,15717.799175308981
2019-06-26,31162.35,21302.243083404297,8380.122907318932,15712.200414446324
2019-06-27,31269.5,21307.497927069264,8378.032515862737,15706.596713169234
2019-06-28,31105.2,21312.752770731175,8375.941051308615,15700.988072967346
2019-07-01,31372.2,21318.007614391878,8373.848513657074,15695.37449548309
2019-07-02,31283.3,21323.262458060435,8371.754902910414,15689.755982511382
2019-07-03,31382.3,21328.517301721466,8369.660219067397,15684.132536000154
2019-07-04,31471.85,21333.77214538751,8367.564462127544,15678.504158050375
2019-07-05,31475.8,21339.026989052676,8365.467632092197,15672.870850916228
2019-07-08,30603.85,21344.281832713867,8363.369728959535,15667.232617005302
2019-07-09,30569.15,21349.53667637844,8361.270752731132,15661.589458878701
2019-07-10,30522.1,21354.791520041923,8359.170703406742,15655.94137925118
2019-07-11,30716.55,21360.046363693717,8357.069580986194,15650.288380991307
2019-07-12,30601.45,21365.301207370787,8354.967385468872,15644.630467121566
2019-07-15,30445.95,21370.556051032294,8352.864116856077,15638.96764081856
2019-07-16,30570.8,21375.810894696304,8350.759775146584,15633.299905412925
2019-07-17,30735.5,21381.06573835934,8348.654360340806,15627.627264389652
2019-07-18,30430.6,21386.320582023713,8346.547872439933,15621.949721388042
2019-07-19,29770.35,21391.575425688352,8344.440311442397,15616.267280201897
2019-07-22,29284.95,21396.83026935148,8342.331677347342,15610.579944779565
2019-07-23,29128.1,21402.085113014644,8340.221970157016,15604.887719223945
2019-07-24,28952.25,21407.339956677493,8338.111189869993,15599.190607792658
2019-07-25,29043.05,21412.594800343173,8335.999336486846,15593.488614898148
2019-07-26,29325.3,21417.8496440039,8333.886410007624,15587.78174510754
2019-07-29,29295.9,21423.104487670003,8331.772410430935,15582.070003142859
2019-07-30,28791.6,21428.359331334097,8329.65733775974,15576.353393881134
2019-07-31,28876.0,21433.61417499741,8327.54119199259,15570.63192235422
2019-08-01,28367.25,21438.86901866195,8325.423973129935,15564.905593748952
2019-08-02,28204.95,21444.12386232779,8323.305681167974,15559.174413407205
2019-08-05,27648.05,21449.37870598813,8321.186316110747,15553.438386825881
2019-08-06,28022.1,21454.63354965188,8319.065877957417,15547.697519656787
2019-08-07,27702.05,21459.88839331567,8316.944366710322,15541.951817706875
2019-08-08,28110.45,21465.14323697865,8314.821782362804,15536.201286938092
2019-08-09,28431.9,21470.398080643197,8312.698124923007,15530.445933467356
2019-08-13,27729.1,21475.652924307866,8310.57339438466,15524.685763566587
2019-08-14,28019.2,21480.907767971126,8308.447590749493,15518.920783662688
2019-08-16,28217.0,21486.16261163397,8306.32071401821,15513.151000337528
2019-08-19,28186.1,21491.417455298248,8304.192764194373,15507.376420327864
2019-08-20,27982.45,21496.672298960584,8302.063741272614,15501.597050525284
2019-08-21,27719.05,21501.92714262426,8299.933645251906,15495.812897976219
2019-08-22,27034.2,21507.181986287767,8297.802476137016,15490.023969881826
2019-08-23,26958.65,21512.43682995307,8295.670233925393,15484.230273597997
2019-08-26,27951.35,21517.691673617188,8293.536918617967,15478.431816635217
2019-08-27,28126.15,21522.946517279823,8291.40253021384,15472.628606658553
2019-08-28,27804.3,21528.201360941202,8289.267068714164,15466.820651487527
2019-08-29,27305.2,21533.456204605805,8287.130534118185,15461.007959095987
2019-08-30,27427.85,21538.71104827035,8284.992926424515,15455.190537612125
2019-09-03,26824.15,21543.96589193294,8282.854245637582,15449.368395318339
2019-09-04,27123.85,21549.220735598465,8280.714491751527,15443.541540651015
2019-09-05,26919.7,21554.475579262347,8278.573664769863,15437.709982200633
2019-09-06,27247.9,21559.73042292546,8276.431764691468,15431.87372871138
2019-09-09,27504.65,21564.985266590043,8274.288791518336,15426.032789081208
2019-09-11,27776.2,21570.240110254257,8272.14474524794,15420.187172361773
2019-09-12,27818.5,21575.494953916044,8269.999625882456,15414.336887758014
2019-09-13,28098.75,21580.74979758016,8267.853433419294,15408.481944628275
2019-09-16,27855.0,21586.004641243428,8265.706167859902,15402.622352483962
2019-09-17,27131.75,21591.25948490819,8263.557829206737,15396.758120989562
2019-09-18,27172.65,21596.514328570716,8261.408417455908,15390.889259962403
2019-09-19,26757.65,21601.769172232685,8259.2579326075,15385.015779372392
2019-09-20,28981.55,21607.024015899122,8257.1063746642,15379.13768934201
2019-09-23,30566.2,21612.27885955993,8254.953743623651,15373.25500014599
2019-09-24,30183.1,21617.533703225337,8252.800039489703,15367.367722211227
2019-09-25,29586.05,21622.788546890064,8250.645262256236,15361.475866116543
2019-09-26,30002.6,21628.043390552266,8248.489411928014,15355.579442592423
2019-09-27,29876.65,21633.298234217713,8246.332488502434,15349.678462520984
2019-09-30,29103.15,21638.553077880508,8244.174491982132,15343.772936935606
2019-10-01,28725.5,21643.807921544234,8242.01542236553,15337.862877020656
2019-10-03,28414.1,21649.062765206756,8239.855279650443,15331.948294111651
2019-10-04,27731.85,21654.31760887198,8237.694063842759,15326.029199694463
2019-10-07,27767.55,21659.572452535398,8235.531774936977,15320.105605405555
2019-10-09,28785.85,21664.827296199994,8233.368412932745,15314.177523031492
2019-10-10,28013.45,21670.082139863385,8231.203977835785,15308.244964508787
2019-10-11,28042.5,21675.33698352612,8229.038469640576,15302.307941923624
2019-10-14,28181.95,21680.59182718904,8226.871888348942,15296.366467511585
2019-10-15,28555.1,21685.846670855262,8224.704233962158,15290.420553657448
2019-10-16,28538.8,21691.101514518843,8222.535506478733,15284.470212894841
2019-10-17,28989.45,21696.3563581833,8220.365705899725,15278.515457906067
2019-10-18,29120.25,21701.61120184601,8218.194832224639,15272.556301521676
2019-10-22,29411.15,21706.86604551006,8216.022885451865,15266.5927567203
2019-10-23,29459.6,21712.12088916951,8213.84986558291,15260.624836628369
2019-10-24,29107.95,21717.37573283778,8211.675772620447,15254.652554519718
2019-10-25,29395.95,21722.630576502088,8209.500606558864,15248.675923815408
2019-10-27,29516.3,21727.885420165007,8207.324367402174,15242.694958083255
2019-10-29,29873.05,21733.14026382825,8205.147055150828,15236.709671037728
2019-10-30,29987.5,21738.395107492346,8202.968669799211,15230.720076539445
2019-10-31,30066.25,21743.649951155014,8200.789211353649,15224.726188594926
2019-11-01,30330.55,21748.904794817954,8198.60867981247,15218.728021356274
2019-11-04,30333.1,21754.159638482426,8196.42707517548,15212.725589120859
2019-11-05,30219.85,21759.41448214424,8194.244397440923,15206.71890633092
2019-11-06,30609.6,21764.66932580829,8192.060646610715,15200.707987573267
2019-11-07,30633.15,21769.9241694734,8189.875822682156,15194.692847578845
2019-11-08,30749.4,21775.179013137888,8187.689925658625,15188.673501222558
2019-11-11,31115.55,21780.43385680127,8185.502955540471,15182.649963522723
2019-11-13,30541.55,21785.68870046515,8183.314912326034,15176.622249640783
2019-11-14,30749.95,21790.943544128026,8181.125796013299,15170.590374880983
2019-11-15,31008.4,21796.198387793265,8178.935606604823,15164.554354689897
2019-11-18,30992.1,21801.453231456442,8176.744344102296,15158.51420465612
2019-11-19,31236.25,21806.708075118953,8174.552008500985,15152.469940509862
2019-11-20,31353.85,21811.962918781872,8172.358599803361,15146.421578122536
2019-11-21,31349.95,21817.217762446566,8170.164118010986,15140.369133506412
2019-11-22,31111.6,21822.472606110627,8167.968563121578,15134.312622814163
2019-11-25,31555.9,21827.727449773494,8165.771935137047,15128.252062338495
2019-11-26,31718.35,21832.982293437362,8163.574234055319,15122.187468511709
2019-11-27,31875.95,21838.237137101612,8161.375459877279,15116.118857905327
2019-11-28,32122.95,21843.491980764593,8159.175612605286,15110.04624722965
2019-11-29,31946.1,21848.74682443069,8156.9746922335535,15103.96965333328
2019-12-02,31871.45,21854.00166809226,8154.772698767865,15097.88909320283
2019-12-03,31613.35,21859.256511757954,8152.569632203382,15091.804583962317
2019-12-04,31979.3,21864.511355419454,8150.3654925461615,15085.716142872865
2019-12-05,31712.95,21869.766199083384,8148.160279790005,15079.623787332206
2019-12-06,31341.55,21875.021042748456,8145.9539939403785,15073.527534874194
2019-12-09,31316.65,21880.27588641255,8143.746634990173,15067.427403168407
2019-12-10,31160.35,21885.53073007427,8141.538202948119,15061.32341001971
2019-12-11,31256.75,21890.785573737343,8139.328697807514,15055.21557336771
2019-12-12,31665.45,21896.04041740182,8137.118119571448,15049.103911286387
2019-12-13,32014.25,21901.295261065534,8134.906468237747,15042.98844198351
2019-12-16,31974.2,21906.550104730333,8132.693743810234,15036.869183800307
2019-12-17,32140.25,21911.80494839516,8130.479946286052,15030.746155210833
2019-12-18,32244.25,21917.05979205705,8128.265075664019,15024.619374821601
2019-12-19,32241.45,21922.31463572058,8126.049131946448,15018.488861371023
2019-12-20,32384.95,21927.569479385056,8123.8321151337495,15012.354633728984
2019-12-23,32339.45,21932.824323047607,8121.614025223561,15006.216710896271
2019-12-24,32280.75,21938.079166711985,8119.394862216665,15000.075112004153
